Date,Open,High,Low,Close,Adj Close
31-Oct-24,0.771604938,0.771604938,0.771604938,0.771604938,0.771604938
30-Oct-24,0.768403258,0.768403258,0.768403258,0.768403258,0.768403258
29-Oct-24,0.770712909,0.770712909,0.770712909,0.770712909,0.770712909
28-Oct-24,0.771724031,0.771724031,0.771724031,0.771724031,0.771724031
25-Oct-24,0.770831727,0.770831727,0.770831727,0.770831727,0.770831727
24-Oct-24,0.774353415,0.774353415,0.774353415,0.774353415,0.774353415
23-Oct-24,0.770238004,0.770238004,0.770238004,0.770238004,0.770238004
22-Oct-24,0.770238004,0.770238004,0.770238004,0.770238004,0.770238004
21-Oct-24,0.766107408,0.766107408,0.766107408,0.766107408,0.766107408
18-Oct-24,0.768285187,0.768285187,0.768285187,0.768285187,0.768285187
17-Oct-24,0.769822941,0.769822941,0.769822941,0.769822941,0.769822941
16-Oct-24,0.765345171,0.765345171,0.765345171,0.765345171,0.765345171
15-Oct-24,0.7652866,0.7652866,0.7652866,0.7652866,0.7652866
14-Oct-24,0.766342248,0.766342248,0.766342248,0.766342248,0.766342248
11-Oct-24,0.765579544,0.765579544,0.765579544,0.765579544,0.765579544
10-Oct-24,0.765228038,0.765228038,0.765228038,0.765228038,0.765228038
9-Oct-24,0.763650248,0.763650248,0.763650248,0.763650248,0.763650248
8-Oct-24,0.764233856,0.764233856,0.764233856,0.764233856,0.764233856
7-Oct-24,0.761904762,0.761904762,0.761904762,0.761904762,0.761904762
4-Oct-24,0.761614623,0.761614623,0.761614623,0.761614623,0.761614623
3-Oct-24,0.753806724,0.753806724,0.753806724,0.753806724,0.753806724
2-Oct-24,0.753352418,0.753352418,0.753352418,0.753352418,0.753352418
1-Oct-24,0.747607656,0.747607656,0.747607656,0.747607656,0.747607656
30-Sep-24,0.747216618,0.747216618,0.747216618,0.747216618,0.747216618
27-Sep-24,0.745489787,0.745489787,0.745489787,0.745489787,0.745489787
26-Sep-24,0.750976269,0.750976269,0.750976269,0.750976269,0.750976269
25-Sep-24,0.744768005,0.744768005,0.744768005,0.744768005,0.744768005
24-Sep-24,0.74906367,0.74906367,0.74906367,0.74906367,0.74906367
23-Sep-24,0.751089079,0.751089079,0.751089079,0.751089079,0.751089079
20-Sep-24,0.75289866,0.75289866,0.75289866,0.75289866,0.75289866
19-Sep-24,0.75751837,0.75751837,0.75751837,0.75751837,0.75751837
18-Sep-24,0.759474444,0.759474444,0.759474444,0.759474444,0.759474444
17-Sep-24,0.75694497,0.75694497,0.75694497,0.75694497,0.75694497
16-Sep-24,0.76115086,0.76115086,0.76115086,0.76115086,0.76115086
13-Sep-24,0.761498629,0.761498629,0.761498629,0.761498629,0.761498629
12-Sep-24,0.766871166,0.766871166,0.766871166,0.766871166,0.766871166
11-Sep-24,0.764525994,0.764525994,0.764525994,0.764525994,0.764525994
10-Sep-24,0.765052406,0.765052406,0.765052406,0.765052406,0.765052406
9-Sep-24,0.761440646,0.761440646,0.761440646,0.761440646,0.761440646
6-Sep-24,0.75889808,0.75889808,0.75889808,0.75889808,0.75889808
5-Sep-24,0.760745531,0.760745531,0.760745531,0.760745531,0.760745531
4-Sep-24,0.762543846,0.762543846,0.762543846,0.762543846,0.762543846
3-Sep-24,0.76091919,0.76091919,0.76091919,0.76091919,0.76091919
2-Sep-24,0.761672633,0.761672633,0.761672633,0.761672633,0.761672633
30-Aug-24,0.759532128,0.759532128,0.759532128,0.759532128,0.759532128
29-Aug-24,0.757920267,0.757920267,0.757920267,0.757920267,0.757920267
28-Aug-24,0.754261578,0.754261578,0.754261578,0.754261578,0.754261578
27-Aug-24,0.758035173,0.758035173,0.758035173,0.758035173,0.758035173
26-Aug-24,0.756830394,0.756830394,0.756830394,0.756830394,0.756830394
23-Aug-24,0.76347534,0.76347534,0.76347534,0.76347534,0.76347534
22-Aug-24,0.763766898,0.763766898,0.763766898,0.763766898,0.763766898
21-Aug-24,0.767165324,0.767165324,0.767165324,0.767165324,0.767165324
20-Aug-24,0.769822941,0.769822941,0.769822941,0.769822941,0.769822941
19-Aug-24,0.772379702,0.772379702,0.772379702,0.772379702,0.772379702
16-Aug-24,0.777665448,0.777665448,0.777665448,0.777665448,0.777665448
15-Aug-24,0.779483982,0.779483982,0.779483982,0.779483982,0.779483982
14-Aug-24,0.777181938,0.777181938,0.777181938,0.777181938,0.777181938
13-Aug-24,0.783024039,0.783024039,0.783024039,0.783024039,0.783024039
12-Aug-24,0.784313725,0.784313725,0.784313725,0.784313725,0.784313725
9-Aug-24,0.784498313,0.784498313,0.784498313,0.784498313,0.784498313
8-Aug-24,0.788643533,0.788643533,0.788643533,0.788643533,0.788643533
7-Aug-24,0.788332676,0.788332676,0.788332676,0.788332676,0.788332676
6-Aug-24,0.781921964,0.781921964,0.781921964,0.781921964,0.781921964
5-Aug-24,0.781983109,0.781983109,0.781983109,0.781983109,0.781983109
2-Aug-24,0.785607668,0.785607668,0.785607668,0.785607668,0.785607668
1-Aug-24,0.778028476,0.778028476,0.778028476,0.778028476,0.778028476
31-Jul-24,0.778998208,0.778998208,0.778998208,0.778998208,0.778998208
30-Jul-24,0.777604977,0.777604977,0.777604977,0.777604977,0.777604977
29-Jul-24,0.777121542,0.777121542,0.777121542,0.777121542,0.777121542
26-Jul-24,0.77778642,0.77778642,0.77778642,0.77778642,0.77778642
25-Jul-24,0.775193798,0.775193798,0.775193798,0.775193798,0.775193798
24-Jul-24,0.775073632,0.775073632,0.775073632,0.775073632,0.775073632
23-Jul-24,0.773275595,0.773275595,0.773275595,0.773275595,0.773275595
22-Jul-24,0.773215805,0.773215805,0.773215805,0.773215805,0.773215805
19-Jul-24,0.772081532,0.772081532,0.772081532,0.772081532,0.772081532
18-Jul-24,0.768816791,0.768816791,0.768816791,0.768816791,0.768816791
17-Jul-24,0.770534751,0.770534751,0.770534751,0.770534751,0.770534751
16-Jul-24,0.771010023,0.771010023,0.771010023,0.771010023,0.771010023
15-Jul-24,0.771188401,0.771188401,0.771188401,0.771188401,0.771188401
12-Jul-24,0.773754256,0.773754256,0.773754256,0.773754256,0.773754256
11-Jul-24,0.778028476,0.778028476,0.778028476,0.778028476,0.778028476
10-Jul-24,0.781983109,0.781983109,0.781983109,0.781983109,0.781983109
9-Jul-24,0.780274657,0.780274657,0.780274657,0.780274657,0.780274657
8-Jul-24,0.780822987,0.780822987,0.780822987,0.780822987,0.780822987
5-Jul-24,0.78394481,0.78394481,0.78394481,0.78394481,0.78394481
4-Jul-24,0.784436774,0.784436774,0.784436774,0.784436774,0.784436774
3-Jul-24,0.788022065,0.788022065,0.788022065,0.788022065,0.788022065
2-Jul-24,0.790763878,0.790763878,0.790763878,0.790763878,0.790763878
1-Jul-24,0.79057633,0.79057633,0.79057633,0.79057633,0.79057633
28-Jun-24,0.790763878,0.790763878,0.790763878,0.790763878,0.790763878
27-Jun-24,0.792267469,0.792267469,0.792267469,0.792267469,0.792267469
26-Jun-24,0.788394828,0.788394828,0.788394828,0.788394828,0.788394828
25-Jun-24,0.78845699,0.78845699,0.78845699,0.78845699,0.78845699
24-Jun-24,0.791201836,0.791201836,0.791201836,0.791201836,0.791201836
21-Jun-24,0.789889415,0.789889415,0.789889415,0.789889415,0.789889415
20-Jun-24,0.786039931,0.786039931,0.786039931,0.786039931,0.786039931
19-Jun-24,0.786967813,0.786967813,0.786967813,0.786967813,0.786967813
18-Jun-24,0.786410821,0.786410821,0.786410821,0.786410821,0.786410821
17-Jun-24,0.78845699,0.78845699,0.78845699,0.78845699,0.78845699
14-Jun-24,0.784006272,0.784006272,0.784006272,0.784006272,0.784006272
13-Jun-24,0.781494217,0.781494217,0.781494217,0.781494217,0.781494217
12-Jun-24,0.784929356,0.784929356,0.784929356,0.784929356,0.784929356
11-Jun-24,0.785792865,0.785792865,0.785792865,0.785792865,0.785792865
10-Jun-24,0.785607668,0.785607668,0.785607668,0.785607668,0.785607668
7-Jun-24,0.78167748,0.78167748,0.78167748,0.78167748,0.78167748
6-Jun-24,0.781555295,0.781555295,0.781555295,0.781555295,0.781555295
5-Jun-24,0.782901433,0.782901433,0.782901433,0.782901433,0.782901433
4-Jun-24,0.780640125,0.780640125,0.780640125,0.780640125,0.780640125
3-Jun-24,0.784682988,0.784682988,0.784682988,0.784682988,0.784682988
31-May-24,0.785545954,0.785545954,0.785545954,0.785545954,0.785545954
30-May-24,0.787525595,0.787525595,0.787525595,0.787525595,0.787525595
29-May-24,0.783821916,0.783821916,0.783821916,0.783821916,0.783821916
28-May-24,0.782962731,0.782962731,0.782962731,0.782962731,0.782962731
27-May-24,0.785175879,0.785175879,0.785175879,0.785175879,0.785175879
24-May-24,0.787773751,0.787773751,0.787773751,0.787773751,0.787773751
23-May-24,0.786101722,0.786101722,0.786101722,0.786101722,0.786101722
22-May-24,0.786720164,0.786720164,0.786720164,0.786720164,0.786720164
21-May-24,0.786720164,0.786720164,0.786720164,0.786720164,0.786720164
20-May-24,0.78702975,0.78702975,0.78702975,0.78702975,0.78702975
17-May-24,0.789141414,0.789141414,0.789141414,0.789141414,0.789141414
16-May-24,0.788022065,0.788022065,0.788022065,0.788022065,0.788022065
15-May-24,0.794596742,0.794596742,0.794596742,0.794596742,0.794596742
14-May-24,0.796051584,0.796051584,0.796051584,0.796051584,0.796051584
13-May-24,0.798530704,0.798530704,0.798530704,0.798530704,0.798530704
10-May-24,0.798339454,0.798339454,0.798339454,0.798339454,0.798339454
9-May-24,0.800448251,0.800448251,0.800448251,0.800448251,0.800448251
8-May-24,0.799936005,0.799936005,0.799936005,0.799936005,0.799936005
7-May-24,0.796178344,0.796178344,0.796178344,0.796178344,0.796178344
6-May-24,0.797384579,0.797384579,0.797384579,0.797384579,0.797384579
3-May-24,0.797384579,0.797384579,0.797384579,0.797384579,0.797384579
2-May-24,0.797511763,0.797511763,0.797511763,0.797511763,0.797511763
1-May-24,0.800640512,0.800640512,0.800640512,0.800640512,0.800640512
30-Apr-24,0.796178344,0.796178344,0.796178344,0.796178344,0.796178344
29-Apr-24,0.799360512,0.799360512,0.799360512,0.799360512,0.799360512
26-Apr-24,0.799424414,0.799424414,0.799424414,0.799424414,0.799424414
25-Apr-24,0.802568218,0.802568218,0.802568218,0.802568218,0.802568218
24-Apr-24,0.803019353,0.803019353,0.803019353,0.803019353,0.803019353
23-Apr-24,0.809716599,0.809716599,0.809716599,0.809716599,0.809716599
22-Apr-24,0.808015514,0.808015514,0.808015514,0.808015514,0.808015514
19-Apr-24,0.803987779,0.803987779,0.803987779,0.803987779,0.803987779
18-Apr-24,0.802954874,0.802954874,0.802954874,0.802954874,0.802954874
17-Apr-24,0.804440512,0.804440512,0.804440512,0.804440512,0.804440512
16-Apr-24,0.803406443,0.803406443,0.803406443,0.803406443,0.803406443
15-Apr-24,0.802439416,0.802439416,0.802439416,0.802439416,0.802439416
12-Apr-24,0.79649542,0.79649542,0.79649542,0.79649542,0.79649542
11-Apr-24,0.797575371,0.797575371,0.797575371,0.797575371,0.797575371
10-Apr-24,0.788767944,0.788767944,0.788767944,0.788767944,0.788767944
9-Apr-24,0.789951813,0.789951813,0.789951813,0.789951813,0.789951813
8-Apr-24,0.792079208,0.792079208,0.792079208,0.792079208,0.792079208
5-Apr-24,0.791139241,0.791139241,0.791139241,0.791139241,0.791139241
4-Apr-24,0.790388871,0.790388871,0.790388871,0.790388871,0.790388871
3-Apr-24,0.795102171,0.795102171,0.795102171,0.795102171,0.795102171
2-Apr-24,0.797130331,0.797130331,0.797130331,0.797130331,0.797130331
1-Apr-24,0.791327055,0.791327055,0.791327055,0.791327055,0.791327055
29-Mar-24,0.792016474,0.792016474,0.792016474,0.792016474,0.792016474
28-Mar-24,0.792581438,0.792581438,0.792581438,0.792581438,0.792581438
27-Mar-24,0.791891036,0.791891036,0.791891036,0.791891036,0.791891036
26-Mar-24,0.791264441,0.791264441,0.791264441,0.791264441,0.791264441
25-Mar-24,0.79377679,0.79377679,0.79377679,0.79377679,0.79377679
22-Mar-24,0.78976465,0.78976465,0.78976465,0.78976465,0.78976465
21-Mar-24,0.781372089,0.781372089,0.781372089,0.781372089,0.781372089
20-Mar-24,0.786225332,0.786225332,0.786225332,0.786225332,0.786225332
19-Mar-24,0.785731123,0.785731123,0.785731123,0.785731123,0.785731123
18-Mar-24,0.785484251,0.785484251,0.785484251,0.785484251,0.785484251
15-Mar-24,0.784559862,0.784559862,0.784559862,0.784559862,0.784559862
14-Mar-24,0.781127949,0.781127949,0.781127949,0.781127949,0.781127949
13-Mar-24,0.781494217,0.781494217,0.781494217,0.781494217,0.781494217
12-Mar-24,0.780031201,0.780031201,0.780031201,0.780031201,0.780031201
11-Mar-24,0.777907429,0.777907429,0.777907429,0.777907429,0.777907429
8-Mar-24,0.780274657,0.780274657,0.780274657,0.780274657,0.780274657
7-Mar-24,0.785237534,0.785237534,0.785237534,0.785237534,0.785237534
6-Mar-24,0.787091696,0.787091696,0.787091696,0.787091696,0.787091696
5-Mar-24,0.787897888,0.787897888,0.787897888,0.787897888,0.787897888
4-Mar-24,0.789889415,0.789889415,0.789889415,0.789889415,0.789889415
1-Mar-24,0.792079208,0.792079208,0.792079208,0.792079208,0.792079208
29-Feb-24,0.789702282,0.789702282,0.789702282,0.789702282,0.789702282
28-Feb-24,0.788519161,0.788519161,0.788519161,0.788519161,0.788519161
27-Feb-24,0.788332676,0.788332676,0.788332676,0.788332676,0.788332676
26-Feb-24,0.789079145,0.789079145,0.789079145,0.789079145,0.789079145
23-Feb-24,0.789639924,0.789639924,0.789639924,0.789639924,0.789639924
22-Feb-24,0.791264441,0.791264441,0.791264441,0.791264441,0.791264441
21-Feb-24,0.79195375,0.79195375,0.79195375,0.79195375,0.79195375
20-Feb-24,0.794407372,0.794407372,0.794407372,0.794407372,0.794407372
19-Feb-24,0.792958528,0.792958528,0.792958528,0.792958528,0.792958528
16-Feb-24,0.793713787,0.793713787,0.793713787,0.793713787,0.793713787
15-Feb-24,0.795671547,0.795671547,0.795671547,0.795671547,0.795671547
14-Feb-24,0.794218092,0.794218092,0.794218092,0.794218092,0.794218092
13-Feb-24,0.791891036,0.791891036,0.791891036,0.791891036,0.791891036
12-Feb-24,0.791327055,0.791327055,0.791327055,0.791327055,0.791327055
9-Feb-24,0.792330243,0.792330243,0.792330243,0.792330243,0.792330243
8-Feb-24,0.79195375,0.79195375,0.79195375,0.79195375,0.79195375
7-Feb-24,0.793210121,0.793210121,0.793210121,0.793210121,0.793210121
6-Feb-24,0.797829903,0.797829903,0.797829903,0.797829903,0.797829903
5-Feb-24,0.792267469,0.792267469,0.792267469,0.792267469,0.792267469
2-Feb-24,0.784498313,0.784498313,0.784498313,0.784498313,0.784498313
1-Feb-24,0.788767944,0.788767944,0.788767944,0.788767944,0.788767944
31-Jan-24,0.787649653,0.787649653,0.787649653,0.787649653,0.787649653
30-Jan-24,0.786596397,0.786596397,0.786596397,0.786596397,0.786596397
29-Jan-24,0.787525595,0.787525595,0.787525595,0.787525595,0.787525595
26-Jan-24,0.786905886,0.786905886,0.786905886,0.786905886,0.786905886
25-Jan-24,0.786225332,0.786225332,0.786225332,0.786225332,0.786225332
24-Jan-24,0.787897888,0.787897888,0.787897888,0.787897888,0.787897888
23-Jan-24,0.786967813,0.786967813,0.786967813,0.786967813,0.786967813
22-Jan-24,0.787401575,0.787401575,0.787401575,0.787401575,0.787401575
19-Jan-24,0.786782061,0.786782061,0.786782061,0.786782061,0.786782061
18-Jan-24,0.788830165,0.788830165,0.788830165,0.788830165,0.788830165
17-Jan-24,0.791201836,0.791201836,0.791201836,0.791201836,0.791201836
16-Jan-24,0.786410821,0.786410821,0.786410821,0.786410821,0.786410821
15-Jan-24,0.785114234,0.785114234,0.785114234,0.785114234,0.785114234
12-Jan-24,0.782595085,0.782595085,0.782595085,0.782595085,0.782595085
11-Jan-24,0.78462142,0.78462142,0.78462142,0.78462142,0.78462142
10-Jan-24,0.786596397,0.786596397,0.786596397,0.786596397,0.786596397
9-Jan-24,0.78462142,0.78462142,0.78462142,0.78462142,0.78462142
8-Jan-24,0.786287152,0.786287152,0.786287152,0.786287152,0.786287152
5-Jan-24,0.788394828,0.788394828,0.788394828,0.788394828,0.788394828
4-Jan-24,0.789016885,0.789016885,0.789016885,0.789016885,0.789016885
3-Jan-24,0.792204706,0.792204706,0.792204706,0.792204706,0.792204706
2-Jan-24,0.785607668,0.785607668,0.785607668,0.785607668,0.785607668
1-Jan-24,0.785545954,0.785545954,0.785545954,0.785545954,0.785545954
29-Dec-23,0.785299199,0.785299199,0.785299199,0.785299199,0.785299199
28-Dec-23,0.78118897,0.78118897,0.78118897,0.78118897,0.78118897
27-Dec-23,0.785731123,0.785731123,0.785731123,0.785731123,0.785731123
26-Dec-23,0.787091696,0.787091696,0.787091696,0.787091696,0.787091696
25-Dec-23,0.788830165,0.788830165,0.788830165,0.788830165,0.788830165
22-Dec-23,0.788332676,0.788332676,0.788332676,0.788332676,0.788332676
21-Dec-23,0.791076655,0.791076655,0.791076655,0.791076655,0.791076655
20-Dec-23,0.785360873,0.785360873,0.785360873,0.785360873,0.785360873
19-Dec-23,0.790388871,0.790388871,0.790388871,0.790388871,0.790388871
18-Dec-23,0.789141414,0.789141414,0.789141414,0.789141414,0.789141414
15-Dec-23,0.783024039,0.783024039,0.783024039,0.783024039,0.783024039
14-Dec-23,0.792204706,0.792204706,0.792204706,0.792204706,0.792204706
13-Dec-23,0.795481664,0.795481664,0.795481664,0.795481664,0.795481664
12-Dec-23,0.79649542,0.79649542,0.79649542,0.79649542,0.79649542
11-Dec-23,0.79649542,0.79649542,0.79649542,0.79649542,0.79649542
8-Dec-23,0.794281176,0.794281176,0.794281176,0.794281176,0.794281176
7-Dec-23,0.796241739,0.796241739,0.796241739,0.796241739,0.796241739
6-Dec-23,0.794028903,0.794028903,0.794028903,0.794028903,0.794028903
5-Dec-23,0.79151496,0.79151496,0.79151496,0.79151496,0.79151496
4-Dec-23,0.786596397,0.786596397,0.786596397,0.786596397,0.786596397
1-Dec-23,0.791640279,0.791640279,0.791640279,0.791640279,0.791640279
30-Nov-23,0.787649653,0.787649653,0.787649653,0.787649653,0.787649653
29-Nov-23,0.786658276,0.786658276,0.786658276,0.786658276,0.786658276
28-Nov-23,0.79151496,0.79151496,0.79151496,0.79151496,0.79151496
27-Nov-23,0.793650794,0.793650794,0.793650794,0.793650794,0.793650794
24-Nov-23,0.797829903,0.797829903,0.797829903,0.797829903,0.797829903
23-Nov-23,0.800640512,0.800640512,0.800640512,0.800640512,0.800640512
22-Nov-23,0.797193878,0.797193878,0.797193878,0.797193878,0.797193878
21-Nov-23,0.799424414,0.799424414,0.799424414,0.799424414,0.799424414
20-Nov-23,0.802890405,0.802890405,0.802890405,0.802890405,0.802890405
17-Nov-23,0.805477245,0.805477245,0.805477245,0.805477245,0.805477245
16-Nov-23,0.805023346,0.805023346,0.805023346,0.805023346,0.805023346
15-Nov-23,0.800320128,0.800320128,0.800320128,0.800320128,0.800320128
14-Nov-23,0.814265939,0.814265939,0.814265939,0.814265939,0.814265939
13-Nov-23,0.817795224,0.817795224,0.817795224,0.817795224,0.817795224
10-Nov-23,0.818531554,0.818531554,0.818531554,0.818531554,0.818531554
9-Nov-23,0.814000814,0.814000814,0.814000814,0.814000814,0.814000814
8-Nov-23,0.81353726,0.81353726,0.81353726,0.81353726,0.81353726
7-Nov-23,0.809978941,0.809978941,0.809978941,0.809978941,0.809978941
6-Nov-23,0.808146113,0.808146113,0.808146113,0.808146113,0.808146113
3-Nov-23,0.820209974,0.820209974,0.820209974,0.820209974,0.820209974
2-Nov-23,0.82088327,0.82088327,0.82088327,0.82088327,0.82088327
1-Nov-23,0.822909809,0.822909809,0.822909809,0.822909809,0.822909809
31-Oct-23,0.821962847,0.821962847,0.821962847,0.821962847,0.821962847
30-Oct-23,0.825491167,0.825491167,0.825491167,0.825491167,0.825491167
27-Oct-23,0.823926835,0.823926835,0.823926835,0.823926835,0.823926835
26-Oct-23,0.826241428,0.826241428,0.826241428,0.826241428,0.826241428
25-Oct-23,0.822233185,0.822233185,0.822233185,0.822233185,0.822233185
24-Oct-23,0.816326531,0.816326531,0.816326531,0.816326531,0.816326531
23-Oct-23,0.822097994,0.822097994,0.822097994,0.822097994,0.822097994
20-Oct-23,0.823926835,0.823926835,0.823926835,0.823926835,0.823926835
19-Oct-23,0.823519723,0.823519723,0.823519723,0.823519723,0.823519723
18-Oct-23,0.821085475,0.821085475,0.821085475,0.821085475,0.821085475
17-Oct-23,0.818866689,0.818866689,0.818866689,0.818866689,0.818866689
16-Oct-23,0.822774395,0.822774395,0.822774395,0.822774395,0.822774395
13-Oct-23,0.820815891,0.820815891,0.820815891,0.820815891,0.820815891
12-Oct-23,0.811951932,0.811951932,0.811951932,0.811951932,0.811951932
11-Oct-23,0.81360345,0.81360345,0.81360345,0.81360345,0.81360345
10-Oct-23,0.816326531,0.816326531,0.816326531,0.816326531,0.816326531
9-Oct-23,0.818263645,0.818263645,0.818263645,0.818263645,0.818263645
6-Oct-23,0.82047916,0.82047916,0.82047916,0.82047916,0.82047916
5-Oct-23,0.823926835,0.823926835,0.823926835,0.823926835,0.823926835
4-Oct-23,0.827951648,0.827951648,0.827951648,0.827951648,0.827951648
3-Oct-23,0.827061451,0.827061451,0.827061451,0.827061451,0.827061451
2-Oct-23,0.820142705,0.820142705,0.820142705,0.820142705,0.820142705
29-Sep-23,0.819336338,0.819336338,0.819336338,0.819336338,0.819336338
28-Sep-23,0.824062629,0.824062629,0.824062629,0.824062629,0.824062629
27-Sep-23,0.823248539,0.823248539,0.823248539,0.823248539,0.823248539
26-Sep-23,0.81879964,0.81879964,0.81879964,0.81879964,0.81879964
25-Sep-23,0.81685999,0.81685999,0.81685999,0.81685999,0.81685999
22-Sep-23,0.813404913,0.813404913,0.813404913,0.813404913,0.813404913
21-Sep-23,0.81109579,0.81109579,0.81109579,0.81109579,0.81109579
20-Sep-23,0.80684202,0.80684202,0.80684202,0.80684202,0.80684202
19-Sep-23,0.80749354,0.80749354,0.80749354,0.80749354,0.80749354
18-Sep-23,0.806581707,0.806581707,0.806581707,0.806581707,0.806581707
15-Sep-23,0.806321561,0.806321561,0.806321561,0.806321561,0.806321561
14-Sep-23,0.800640512,0.800640512,0.800640512,0.800640512,0.800640512
13-Sep-23,0.800512328,0.800512328,0.800512328,0.800512328,0.800512328
12-Sep-23,0.799424414,0.799424414,0.799424414,0.799424414,0.799424414
11-Sep-23,0.800640512,0.800640512,0.800640512,0.800640512,0.800640512
8-Sep-23,0.801603206,0.801603206,0.801603206,0.801603206,0.801603206
7-Sep-23,0.800064005,0.800064005,0.800064005,0.800064005,0.800064005
6-Sep-23,0.795481664,0.795481664,0.795481664,0.795481664,0.795481664
5-Sep-23,0.792204706,0.792204706,0.792204706,0.792204706,0.792204706
4-Sep-23,0.794218092,0.794218092,0.794218092,0.794218092,0.794218092
1-Sep-23,0.789079145,0.789079145,0.789079145,0.789079145,0.789079145
31-Aug-23,0.786658276,0.786658276,0.786658276,0.786658276,0.786658276
30-Aug-23,0.791327055,0.791327055,0.791327055,0.791327055,0.791327055
29-Aug-23,0.792958528,0.792958528,0.792958528,0.792958528,0.792958528
28-Aug-23,0.794281176,0.794281176,0.794281176,0.794281176,0.794281176
25-Aug-23,0.794091956,0.794091956,0.794091956,0.794091956,0.794091956
24-Aug-23,0.786101722,0.786101722,0.786101722,0.786101722,0.786101722
23-Aug-23,0.785422557,0.785422557,0.785422557,0.785422557,0.785422557
22-Aug-23,0.783637646,0.783637646,0.783637646,0.783637646,0.783637646
21-Aug-23,0.784806153,0.784806153,0.784806153,0.784806153,0.784806153
18-Aug-23,0.784313725,0.784313725,0.784313725,0.784313725,0.784313725
17-Aug-23,0.78566939,0.78566939,0.78566939,0.78566939,0.78566939
16-Aug-23,0.78733958,0.78733958,0.78733958,0.78733958,0.78733958
15-Aug-23,0.788332676,0.788332676,0.788332676,0.788332676,0.788332676
14-Aug-23,0.787711698,0.787711698,0.787711698,0.787711698,0.787711698
11-Aug-23,0.789265983,0.789265983,0.789265983,0.789265983,0.789265983
10-Aug-23,0.786163522,0.786163522,0.786163522,0.786163522,0.786163522
9-Aug-23,0.784806153,0.784806153,0.784806153,0.784806153,0.784806153
8-Aug-23,0.78235018,0.78235018,0.78235018,0.78235018,0.78235018
7-Aug-23,0.784436774,0.784436774,0.784436774,0.784436774,0.784436774
4-Aug-23,0.786410821,0.786410821,0.786410821,0.786410821,0.786410821
3-Aug-23,0.786163522,0.786163522,0.786163522,0.786163522,0.786163522
2-Aug-23,0.781494217,0.781494217,0.781494217,0.781494217,0.781494217
1-Aug-23,0.779180302,0.779180302,0.779180302,0.779180302,0.779180302
31-Jul-23,0.777967948,0.777967948,0.777967948,0.777967948,0.777967948
28-Jul-23,0.781616383,0.781616383,0.781616383,0.781616383,0.781616383
27-Jul-23,0.773574689,0.773574689,0.773574689,0.773574689,0.773574689
26-Jul-23,0.775554521,0.775554521,0.775554521,0.775554521,0.775554521
25-Jul-23,0.780457348,0.780457348,0.780457348,0.780457348,0.780457348
24-Jul-23,0.778028476,0.778028476,0.778028476,0.778028476,0.778028476
21-Jul-23,0.77688005,0.77688005,0.77688005,0.77688005,0.77688005
20-Jul-23,0.772797527,0.772797527,0.772797527,0.772797527,0.772797527
19-Jul-23,0.767165324,0.767165324,0.767165324,0.767165324,0.767165324
18-Jul-23,0.76499388,0.76499388,0.76499388,0.76499388,0.76499388
17-Jul-23,0.76394194,0.76394194,0.76394194,0.76394194,0.76394194
14-Jul-23,0.761672633,0.761672633,0.761672633,0.761672633,0.761672633
13-Jul-23,0.769467528,0.769467528,0.769467528,0.769467528,0.769467528
12-Jul-23,0.77309625,0.77309625,0.77309625,0.77309625,0.77309625
11-Jul-23,0.777302759,0.777302759,0.777302759,0.777302759,0.777302759
10-Jul-23,0.77887686,0.77887686,0.77887686,0.77887686,0.77887686
7-Jul-23,0.784744566,0.784744566,0.784744566,0.784744566,0.784744566
6-Jul-23,0.787091696,0.787091696,0.787091696,0.787091696,0.787091696
5-Jul-23,0.786287152,0.786287152,0.786287152,0.786287152,0.786287152
4-Jul-23,0.787835815,0.787835815,0.787835815,0.787835815,0.787835815
3-Jul-23,0.787835815,0.787835815,0.787835815,0.787835815,0.787835815
30-Jun-23,0.792707095,0.792707095,0.792707095,0.792707095,0.792707095
29-Jun-23,0.790951515,0.790951515,0.790951515,0.790951515,0.790951515
28-Jun-23,0.78462142,0.78462142,0.78462142,0.78462142,0.78462142
27-Jun-23,0.786658276,0.786658276,0.786658276,0.786658276,0.786658276
26-Jun-23,0.785545954,0.785545954,0.785545954,0.785545954,0.785545954
23-Jun-23,0.784498313,0.784498313,0.784498313,0.784498313,0.784498313
22-Jun-23,0.782962731,0.782962731,0.782962731,0.782962731,0.782962731
21-Jun-23,0.783392088,0.783392088,0.783392088,0.783392088,0.783392088
20-Jun-23,0.781555295,0.781555295,0.781555295,0.781555295,0.781555295
19-Jun-23,0.779423227,0.779423227,0.779423227,0.779423227,0.779423227
16-Jun-23,0.782105428,0.782105428,0.782105428,0.782105428,0.782105428
15-Jun-23,0.789203693,0.789203693,0.789203693,0.789203693,0.789203693
14-Jun-23,0.793210121,0.793210121,0.793210121,0.793210121,0.793210121
13-Jun-23,0.799041151,0.799041151,0.799041151,0.799041151,0.799041151
12-Jun-23,0.794849376,0.794849376,0.794849376,0.794849376,0.794849376
9-Jun-23,0.796178344,0.796178344,0.796178344,0.796178344,0.796178344
8-Jun-23,0.803470995,0.803470995,0.803470995,0.803470995,0.803470995
7-Jun-23,0.804569957,0.804569957,0.804569957,0.804569957,0.804569957
6-Jun-23,0.804311108,0.804311108,0.804311108,0.804311108,0.804311108
5-Jun-23,0.804505229,0.804505229,0.804505229,0.804505229,0.804505229
2-Jun-23,0.798339454,0.798339454,0.798339454,0.798339454,0.798339454
1-Jun-23,0.803406443,0.803406443,0.803406443,0.803406443,0.803406443
31-May-23,0.80567193,0.80567193,0.80567193,0.80567193,0.80567193
30-May-23,0.809782169,0.809782169,0.809782169,0.809782169,0.809782169
29-May-23,0.809913339,0.809913339,0.809913339,0.809913339,0.809913339
26-May-23,0.811820101,0.811820101,0.811820101,0.811820101,0.811820101
25-May-23,0.80834209,0.80834209,0.80834209,0.80834209,0.80834209
24-May-23,0.805347507,0.805347507,0.805347507,0.805347507,0.805347507
23-May-23,0.804246421,0.804246421,0.804246421,0.804246421,0.804246421
22-May-23,0.802503812,0.802503812,0.802503812,0.802503812,0.802503812
19-May-23,0.80567193,0.80567193,0.80567193,0.80567193,0.80567193
18-May-23,0.801089482,0.801089482,0.801089482,0.801089482,0.801089482
17-May-23,0.801025312,0.801025312,0.801025312,0.801025312,0.801025312
16-May-23,0.798403194,0.798403194,0.798403194,0.798403194,0.798403194
15-May-23,0.803148341,0.803148341,0.803148341,0.803148341,0.803148341
12-May-23,0.799488327,0.799488327,0.799488327,0.799488327,0.799488327
11-May-23,0.79195375,0.79195375,0.79195375,0.79195375,0.79195375
10-May-23,0.792079208,0.792079208,0.792079208,0.792079208,0.792079208
9-May-23,0.792832792,0.792832792,0.792832792,0.792832792,0.792832792
8-May-23,0.791702953,0.791702953,0.791702953,0.791702953,0.791702953
5-May-23,0.794723039,0.794723039,0.794723039,0.794723039,0.794723039
4-May-23,0.795608243,0.795608243,0.795608243,0.795608243,0.795608243
3-May-23,0.801474713,0.801474713,0.801474713,0.801474713,0.801474713
2-May-23,0.800897005,0.800897005,0.800897005,0.800897005,0.800897005
1-May-23,0.796305144,0.796305144,0.796305144,0.796305144,0.796305144
28-Apr-23,0.80012802,0.80012802,0.80012802,0.80012802,0.80012802
27-Apr-23,0.801860316,0.801860316,0.801860316,0.801860316,0.801860316
26-Apr-23,0.805477245,0.805477245,0.805477245,0.805477245,0.805477245
25-Apr-23,0.8,0.8,0.8,0.8,0.8
24-Apr-23,0.803212851,0.803212851,0.803212851,0.803212851,0.803212851
21-Apr-23,0.803793907,0.803793907,0.803793907,0.803793907,0.803793907
20-Apr-23,0.804569957,0.804569957,0.804569957,0.804569957,0.804569957
19-Apr-23,0.804828974,0.804828974,0.804828974,0.804828974,0.804828974
18-Apr-23,0.808080808,0.808080808,0.808080808,0.808080808,0.808080808
17-Apr-23,0.806451613,0.806451613,0.806451613,0.806451613,0.806451613
14-Apr-23,0.798403194,0.798403194,0.798403194,0.798403194,0.798403194
13-Apr-23,0.800448251,0.800448251,0.800448251,0.800448251,0.800448251
12-Apr-23,0.804440512,0.804440512,0.804440512,0.804440512,0.804440512
11-Apr-23,0.80697224,0.80697224,0.80697224,0.80697224,0.80697224
10-Apr-23,0.804375804,0.804375804,0.804375804,0.804375804,0.804375804
7-Apr-23,0.803923145,0.803923145,0.803923145,0.803923145,0.803923145
6-Apr-23,0.80237503,0.80237503,0.80237503,0.80237503,0.80237503
5-Apr-23,0.80012802,0.80012802,0.80012802,0.80012802,0.80012802
4-Apr-23,0.804958545,0.804958545,0.804958545,0.804958545,0.804958545
3-Apr-23,0.813868316,0.813868316,0.813868316,0.813868316,0.813868316
31-Mar-23,0.807297974,0.807297974,0.807297974,0.807297974,0.807297974
30-Mar-23,0.812083807,0.812083807,0.812083807,0.812083807,0.812083807
29-Mar-23,0.811030008,0.811030008,0.811030008,0.811030008,0.811030008
28-Mar-23,0.813140348,0.813140348,0.813140348,0.813140348,0.813140348
27-Mar-23,0.816593173,0.816593173,0.816593173,0.816593173,0.816593173
24-Mar-23,0.814199642,0.814199642,0.814199642,0.814199642,0.814199642
23-Mar-23,0.814332248,0.814332248,0.814332248,0.814332248,0.814332248
22-Mar-23,0.81799591,0.81799591,0.81799591,0.81799591,0.81799591
21-Mar-23,0.814597589,0.814597589,0.814597589,0.814597589,0.814597589
20-Mar-23,0.82047916,0.82047916,0.82047916,0.82047916,0.82047916
17-Mar-23,0.825763832,0.825763832,0.825763832,0.825763832,0.825763832
16-Mar-23,0.828569061,0.828569061,0.828569061,0.828569061,0.828569061
15-Mar-23,0.822909809,0.822909809,0.822909809,0.822909809,0.822909809
14-Mar-23,0.821625175,0.821625175,0.821625175,0.821625175,0.821625175
13-Mar-23,0.827883103,0.827883103,0.827883103,0.827883103,0.827883103
10-Mar-23,0.838715088,0.838715088,0.838715088,0.838715088,0.838715088
9-Mar-23,0.843881857,0.843881857,0.843881857,0.843881857,0.843881857
8-Mar-23,0.845451471,0.845451471,0.845451471,0.845451471,0.845451471
7-Mar-23,0.831531681,0.831531681,0.831531681,0.831531681,0.831531681
6-Mar-23,0.831393415,0.831393415,0.831393415,0.831393415,0.831393415
3-Mar-23,0.836680054,0.836680054,0.836680054,0.836680054,0.836680054
2-Mar-23,0.831255195,0.831255195,0.831255195,0.831255195,0.831255195
1-Mar-23,0.830978893,0.830978893,0.830978893,0.830978893,0.830978893
28-Feb-23,0.829049909,0.829049909,0.829049909,0.829049909,0.829049909
27-Feb-23,0.836680054,0.836680054,0.836680054,0.836680054,0.836680054
24-Feb-23,0.832085206,0.832085206,0.832085206,0.832085206,0.832085206
23-Feb-23,0.829875519,0.829875519,0.829875519,0.829875519,0.829875519
22-Feb-23,0.825832026,0.825832026,0.825832026,0.825832026,0.825832026
21-Feb-23,0.830633774,0.830633774,0.830633774,0.830633774,0.830633774
20-Feb-23,0.831255195,0.831255195,0.831255195,0.831255195,0.831255195
17-Feb-23,0.835073069,0.835073069,0.835073069,0.835073069,0.835073069
16-Feb-23,0.830564784,0.830564784,0.830564784,0.830564784,0.830564784
15-Feb-23,0.821422704,0.821422704,0.821422704,0.821422704,0.821422704
14-Feb-23,0.822909809,0.822909809,0.822909809,0.822909809,0.822909809
13-Feb-23,0.829737803,0.829737803,0.829737803,0.829737803,0.829737803
10-Feb-23,0.825286787,0.825286787,0.825286787,0.825286787,0.825286787
9-Feb-23,0.828431779,0.828431779,0.828431779,0.828431779,0.828431779
8-Feb-23,0.829531315,0.829531315,0.829531315,0.829531315,0.829531315
7-Feb-23,0.831462543,0.831462543,0.831462543,0.831462543,0.831462543
6-Feb-23,0.830220008,0.830220008,0.830220008,0.830220008,0.830220008
3-Feb-23,0.818129755,0.818129755,0.818129755,0.818129755,0.818129755
2-Feb-23,0.807102502,0.807102502,0.807102502,0.807102502,0.807102502
1-Feb-23,0.812413681,0.812413681,0.812413681,0.812413681,0.812413681
31-Jan-23,0.809454428,0.809454428,0.809454428,0.809454428,0.809454428
30-Jan-23,0.806451613,0.806451613,0.806451613,0.806451613,0.806451613
27-Jan-23,0.805477245,0.805477245,0.805477245,0.805477245,0.805477245
26-Jan-23,0.80567193,0.80567193,0.80567193,0.80567193,0.80567193
25-Jan-23,0.81109579,0.81109579,0.81109579,0.81109579,0.81109579
24-Jan-23,0.807754443,0.807754443,0.807754443,0.807754443,0.807754443
23-Jan-23,0.806061583,0.806061583,0.806061583,0.806061583,0.806061583
20-Jan-23,0.806907125,0.806907125,0.806907125,0.806907125,0.806907125
19-Jan-23,0.809847749,0.809847749,0.809847749,0.809847749,0.809847749
18-Jan-23,0.814000814,0.814000814,0.814000814,0.814000814,0.814000814
17-Jan-23,0.819134993,0.819134993,0.819134993,0.819134993,0.819134993
16-Jan-23,0.817862108,0.817862108,0.817862108,0.817862108,0.817862108
13-Jan-23,0.81846456,0.81846456,0.81846456,0.81846456,0.81846456
12-Jan-23,0.822368421,0.822368421,0.822368421,0.822368421,0.822368421
11-Jan-23,0.822706705,0.822706705,0.822706705,0.822706705,0.822706705
10-Jan-23,0.820681165,0.820681165,0.820681165,0.820681165,0.820681165
9-Jan-23,0.825354903,0.825354903,0.825354903,0.825354903,0.825354903
6-Jan-23,0.83948959,0.83948959,0.83948959,0.83948959,0.83948959
5-Jan-23,0.829393713,0.829393713,0.829393713,0.829393713,0.829393713
4-Jan-23,0.835421888,0.835421888,0.835421888,0.835421888,0.835421888
3-Jan-23,0.828981182,0.828981182,0.828981182,0.828981182,0.828981182
2-Jan-23,0.825082508,0.825082508,0.825082508,0.825082508,0.825082508
30-Dec-22,0.829462508,0.829462508,0.829462508,0.829462508,0.829462508
29-Dec-22,0.831393415,0.831393415,0.831393415,0.831393415,0.831393415
28-Dec-22,0.831462543,0.831462543,0.831462543,0.831462543,0.831462543
27-Dec-22,0.827540549,0.827540549,0.827540549,0.827540549,0.827540549
26-Dec-22,0.829187396,0.829187396,0.829187396,0.829187396,0.829187396
23-Dec-22,0.830564784,0.830564784,0.830564784,0.830564784,0.830564784
22-Dec-22,0.828020204,0.828020204,0.828020204,0.828020204,0.828020204
21-Dec-22,0.820411847,0.820411847,0.820411847,0.820411847,0.820411847
20-Dec-22,0.822842097,0.822842097,0.822842097,0.822842097,0.822842097
19-Dec-22,0.822368421,0.822368421,0.822368421,0.822368421,0.822368421
16-Dec-22,0.820411847,0.820411847,0.820411847,0.820411847,0.820411847
15-Dec-22,0.805217811,0.805217811,0.805217811,0.805217811,0.805217811
14-Dec-22,0.80925791,0.80925791,0.80925791,0.80925791,0.80925791
13-Dec-22,0.814929509,0.814929509,0.814929509,0.814929509,0.814929509
12-Dec-22,0.817060217,0.817060217,0.817060217,0.817060217,0.817060217
9-Dec-22,0.817260543,0.817260543,0.817260543,0.817260543,0.817260543
8-Dec-22,0.818866689,0.818866689,0.818866689,0.818866689,0.818866689
7-Dec-22,0.824198467,0.824198467,0.824198467,0.824198467,0.824198467
6-Dec-22,0.820209974,0.820209974,0.820209974,0.820209974,0.820209974
5-Dec-22,0.813206473,0.813206473,0.813206473,0.813206473,0.813206473
2-Dec-22,0.815727221,0.815727221,0.815727221,0.815727221,0.815727221
1-Dec-22,0.828020204,0.828020204,0.828020204,0.828020204,0.828020204
30-Nov-22,0.837030217,0.837030217,0.837030217,0.837030217,0.837030217
29-Nov-22,0.836120401,0.836120401,0.836120401,0.836120401,0.836120401
28-Nov-22,0.829531315,0.829531315,0.829531315,0.829531315,0.829531315
25-Nov-22,0.825559316,0.825559316,0.825559316,0.825559316,0.825559316
24-Nov-22,0.82822594,0.82822594,0.82822594,0.82822594,0.82822594
23-Nov-22,0.840689365,0.840689365,0.840689365,0.840689365,0.840689365
22-Nov-22,0.845451471,0.845451471,0.845451471,0.845451471,0.845451471
21-Nov-22,0.84132593,0.84132593,0.84132593,0.84132593,0.84132593
18-Nov-22,0.84317032,0.84317032,0.84317032,0.84317032,0.84317032
17-Nov-22,0.839278221,0.839278221,0.839278221,0.839278221,0.839278221
16-Nov-22,0.841750842,0.841750842,0.841750842,0.841750842,0.841750842
15-Nov-22,0.850918993,0.850918993,0.850918993,0.850918993,0.850918993
14-Nov-22,0.847529452,0.847529452,0.847529452,0.847529452,0.847529452
11-Nov-22,0.85499316,0.85499316,0.85499316,0.85499316,0.85499316
10-Nov-22,0.87966221,0.87966221,0.87966221,0.87966221,0.87966221
9-Nov-22,0.865576041,0.865576041,0.865576041,0.865576041,0.865576041
8-Nov-22,0.868206286,0.868206286,0.868206286,0.868206286,0.868206286
7-Nov-22,0.88245676,0.88245676,0.88245676,0.88245676,0.88245676
4-Nov-22,0.895175007,0.895175007,0.895175007,0.895175007,0.895175007
3-Nov-22,0.878425861,0.878425861,0.878425861,0.878425861,0.878425861
2-Nov-22,0.870397772,0.870397772,0.870397772,0.870397772,0.870397772
1-Nov-22,0.871991629,0.871991629,0.871991629,0.871991629,0.871991629
31-Oct-22,0.862366333,0.862366333,0.862366333,0.862366333,0.862366333
28-Oct-22,0.864603147,0.864603147,0.864603147,0.864603147,0.864603147
27-Oct-22,0.859254167,0.859254167,0.859254167,0.859254167,0.859254167
26-Oct-22,0.872448089,0.872448089,0.872448089,0.872448089,0.872448089
25-Oct-22,0.884329678,0.884329678,0.884329678,0.884329678,0.884329678
24-Oct-22,0.881445571,0.881445571,0.881445571,0.881445571,0.881445571
21-Oct-22,0.891186169,0.891186169,0.891186169,0.891186169,0.891186169
20-Oct-22,0.89198109,0.89198109,0.89198109,0.89198109,0.89198109
19-Oct-22,0.881523272,0.881523272,0.881523272,0.881523272,0.881523272
18-Oct-22,0.880746873,0.880746873,0.880746873,0.880746873,0.880746873
17-Oct-22,0.889363216,0.889363216,0.889363216,0.889363216,0.889363216
14-Oct-22,0.884642604,0.884642604,0.884642604,0.884642604,0.884642604
13-Oct-22,0.900414191,0.900414191,0.900414191,0.900414191,0.900414191
12-Oct-22,0.911743253,0.911743253,0.911743253,0.911743253,0.911743253
11-Oct-22,0.902853016,0.902853016,0.902853016,0.902853016,0.902853016
10-Oct-22,0.903097625,0.903097625,0.903097625,0.903097625,0.903097625
7-Oct-22,0.895896793,0.895896793,0.895896793,0.895896793,0.895896793
6-Oct-22,0.880669309,0.880669309,0.880669309,0.880669309,0.880669309
5-Oct-22,0.873286176,0.873286176,0.873286176,0.873286176,0.873286176
4-Oct-22,0.882301041,0.882301041,0.882301041,0.882301041,0.882301041
3-Oct-22,0.897585495,0.897585495,0.897585495,0.897585495,0.897585495
30-Sep-22,0.895335303,0.895335303,0.895335303,0.895335303,0.895335303
29-Sep-22,0.92284976,0.92284976,0.92284976,0.92284976,0.92284976
28-Sep-22,0.932140194,0.932140194,0.932140194,0.932140194,0.932140194
27-Sep-22,0.928246542,0.928246542,0.928246542,0.928246542,0.928246542
26-Sep-22,0.926183199,0.926183199,0.926183199,0.926183199,0.926183199
23-Sep-22,0.887784091,0.887784091,0.887784091,0.887784091,0.887784091
22-Sep-22,0.888415068,0.888415068,0.888415068,0.888415068,0.888415068
21-Sep-22,0.878657411,0.878657411,0.878657411,0.878657411,0.878657411
20-Sep-22,0.873896705,0.873896705,0.873896705,0.873896705,0.873896705
19-Sep-22,0.874661069,0.874661069,0.874661069,0.874661069,0.874661069
16-Sep-22,0.873133677,0.873133677,0.873133677,0.873133677,0.873133677
15-Sep-22,0.866175834,0.866175834,0.866175834,0.866175834,0.866175834
14-Sep-22,0.869111768,0.869111768,0.869111768,0.869111768,0.869111768
13-Sep-22,0.855431993,0.855431993,0.855431993,0.855431993,0.855431993
12-Sep-22,0.860659265,0.860659265,0.860659265,0.860659265,0.860659265
9-Sep-22,0.867904878,0.867904878,0.867904878,0.867904878,0.867904878
8-Sep-22,0.868055556,0.868055556,0.868055556,0.868055556,0.868055556
7-Sep-22,0.868658791,0.868658791,0.868658791,0.868658791,0.868658791
6-Sep-22,0.864603147,0.864603147,0.864603147,0.864603147,0.864603147
5-Sep-22,0.871459695,0.871459695,0.871459695,0.871459695,0.871459695
2-Sep-22,0.865875833,0.865875833,0.865875833,0.865875833,0.865875833
1-Sep-22,0.862143288,0.862143288,0.862143288,0.862143288,0.862143288
31-Aug-22,0.857632933,0.857632933,0.857632933,0.857632933,0.857632933
30-Aug-22,0.85302397,0.85302397,0.85302397,0.85302397,0.85302397
29-Aug-22,0.855066268,0.855066268,0.855066268,0.855066268,0.855066268
26-Aug-22,0.845737483,0.845737483,0.845737483,0.845737483,0.845737483
25-Aug-22,0.848032564,0.848032564,0.848032564,0.848032564,0.848032564
24-Aug-22,0.845094228,0.845094228,0.845094228,0.845094228,0.845094228
23-Aug-22,0.849834282,0.849834282,0.849834282,0.849834282,0.849834282
22-Aug-22,0.846166864,0.846166864,0.846166864,0.846166864,0.846166864
19-Aug-22,0.838012235,0.838012235,0.838012235,0.838012235,0.838012235
18-Aug-22,0.830220008,0.830220008,0.830220008,0.830220008,0.830220008
17-Aug-22,0.826582906,0.826582906,0.826582906,0.826582906,0.826582906
16-Aug-22,0.829393713,0.829393713,0.829393713,0.829393713,0.829393713
15-Aug-22,0.824538259,0.824538259,0.824538259,0.824538259,0.824538259
12-Aug-22,0.819940964,0.819940964,0.819940964,0.819940964,0.819940964
11-Aug-22,0.81879964,0.81879964,0.81879964,0.81879964,0.81879964
10-Aug-22,0.82822594,0.82822594,0.82822594,0.82822594,0.82822594
9-Aug-22,0.827472073,0.827472073,0.827472073,0.827472073,0.827472073
8-Aug-22,0.829187396,0.829187396,0.829187396,0.829187396,0.829187396
5-Aug-22,0.822503701,0.822503701,0.822503701,0.822503701,0.822503701
4-Aug-22,0.823858955,0.823858955,0.823858955,0.823858955,0.823858955
3-Aug-22,0.823519723,0.823519723,0.823519723,0.823519723,0.823519723
2-Aug-22,0.816060062,0.816060062,0.816060062,0.816060062,0.816060062
1-Aug-22,0.821895291,0.821895291,0.821895291,0.821895291,0.821895291
29-Jul-22,0.821490183,0.821490183,0.821490183,0.821490183,0.821490183
28-Jul-22,0.822165584,0.822165584,0.822165584,0.822165584,0.822165584
27-Jul-22,0.830771787,0.830771787,0.830771787,0.830771787,0.830771787
26-Jul-22,0.829531315,0.829531315,0.829531315,0.829531315,0.829531315
25-Jul-22,0.83423709,0.83423709,0.83423709,0.83423709,0.83423709
22-Jul-22,0.833611204,0.833611204,0.833611204,0.833611204,0.833611204
21-Jul-22,0.835282325,0.835282325,0.835282325,0.835282325,0.835282325
20-Jul-22,0.833055648,0.833055648,0.833055648,0.833055648,0.833055648
19-Jul-22,0.836960161,0.836960161,0.836960161,0.836960161,0.836960161
18-Jul-22,0.841184388,0.841184388,0.841184388,0.841184388,0.841184388
15-Jul-22,0.844594595,0.844594595,0.844594595,0.844594595,0.844594595
14-Jul-22,0.842886042,0.842886042,0.842886042,0.842886042,0.842886042
13-Jul-22,0.841892575,0.841892575,0.841892575,0.841892575,0.841892575
12-Jul-22,0.840265524,0.840265524,0.840265524,0.840265524,0.840265524
11-Jul-22,0.832154448,0.832154448,0.832154448,0.832154448,0.832154448
8-Jul-22,0.831393415,0.831393415,0.831393415,0.831393415,0.831393415
7-Jul-22,0.838715088,0.838715088,0.838715088,0.838715088,0.838715088
6-Jul-22,0.836890116,0.836890116,0.836890116,0.836890116,0.836890116
5-Jul-22,0.825491167,0.825491167,0.825491167,0.825491167,0.825491167
4-Jul-22,0.826241428,0.826241428,0.826241428,0.826241428,0.826241428
1-Jul-22,0.822300798,0.822300798,0.822300798,0.822300798,0.822300798
30-Jun-22,0.824266403,0.824266403,0.824266403,0.824266403,0.824266403
29-Jun-22,0.820344545,0.820344545,0.820344545,0.820344545,0.820344545
28-Jun-22,0.815195239,0.815195239,0.815195239,0.815195239,0.815195239
27-Jun-22,0.814199642,0.814199642,0.814199642,0.814199642,0.814199642
24-Jun-22,0.81559416,0.81559416,0.81559416,0.81559416,0.81559416
23-Jun-22,0.816259897,0.816259897,0.816259897,0.816259897,0.816259897
22-Jun-22,0.815195239,0.815195239,0.815195239,0.815195239,0.815195239
21-Jun-22,0.816193275,0.816193275,0.816193275,0.816193275,0.816193275
20-Jun-22,0.817795224,0.817795224,0.817795224,0.817795224,0.817795224
17-Jun-22,0.809388911,0.809388911,0.809388911,0.809388911,0.809388911
16-Jun-22,0.821422704,0.821422704,0.821422704,0.821422704,0.821422704
15-Jun-22,0.832431533,0.832431533,0.832431533,0.832431533,0.832431533
14-Jun-22,0.823384109,0.823384109,0.823384109,0.823384109,0.823384109
13-Jun-22,0.814663951,0.814663951,0.814663951,0.814663951,0.814663951
10-Jun-22,0.800448251,0.800448251,0.800448251,0.800448251,0.800448251
9-Jun-22,0.797448166,0.797448166,0.797448166,0.797448166,0.797448166
8-Jun-22,0.794470485,0.794470485,0.794470485,0.794470485,0.794470485
7-Jun-22,0.798530704,0.798530704,0.798530704,0.798530704,0.798530704
6-Jun-22,0.800512328,0.800512328,0.800512328,0.800512328,0.800512328
3-Jun-22,0.794975753,0.794975753,0.794975753,0.794975753,0.794975753
2-Jun-22,0.801089482,0.801089482,0.801089482,0.801089482,0.801089482
1-Jun-22,0.793084305,0.793084305,0.793084305,0.793084305,0.793084305
31-May-22,0.790701352,0.790701352,0.790701352,0.790701352,0.790701352
30-May-22,0.791891036,0.791891036,0.791891036,0.791891036,0.791891036
27-May-22,0.792581438,0.792581438,0.792581438,0.792581438,0.792581438
26-May-22,0.794533609,0.794533609,0.794533609,0.794533609,0.794533609
25-May-22,0.797257434,0.797257434,0.797257434,0.797257434,0.797257434
24-May-22,0.795671547,0.795671547,0.795671547,0.795671547,0.795671547
23-May-22,0.799744082,0.799744082,0.799744082,0.799744082,0.799744082
20-May-22,0.802439416,0.802439416,0.802439416,0.802439416,0.802439416
19-May-22,0.809978941,0.809978941,0.809978941,0.809978941,0.809978941
18-May-22,0.801025312,0.801025312,0.801025312,0.801025312,0.801025312
17-May-22,0.811359026,0.811359026,0.811359026,0.811359026,0.811359026
16-May-22,0.815727221,0.815727221,0.815727221,0.815727221,0.815727221
13-May-22,0.819269212,0.819269212,0.819269212,0.819269212,0.819269212
12-May-22,0.817394147,0.817394147,0.817394147,0.817394147,0.817394147
11-May-22,0.812413681,0.812413681,0.812413681,0.812413681,0.812413681
10-May-22,0.810438447,0.810438447,0.810438447,0.810438447,0.810438447
9-May-22,0.811227387,0.811227387,0.811227387,0.811227387,0.811227387
6-May-22,0.808799741,0.808799741,0.808799741,0.808799741,0.808799741
5-May-22,0.792518624,0.792518624,0.792518624,0.792518624,0.792518624
4-May-22,0.8,0.8,0.8,0.8,0.8
3-May-22,0.80012802,0.80012802,0.80012802,0.80012802,0.80012802
2-May-22,0.795291872,0.795291872,0.795291872,0.795291872,0.795291872
29-Apr-22,0.802310655,0.802310655,0.802310655,0.802310655,0.802310655
28-Apr-22,0.797321001,0.797321001,0.797321001,0.797321001,0.797321001
27-Apr-22,0.794659886,0.794659886,0.794659886,0.794659886,0.794659886
26-Apr-22,0.784929356,0.784929356,0.784929356,0.784929356,0.784929356
25-Apr-22,0.779362481,0.779362481,0.779362481,0.779362481,0.779362481
22-Apr-22,0.767695378,0.767695378,0.767695378,0.767695378,0.767695378
21-Apr-22,0.765169485,0.765169485,0.765169485,0.765169485,0.765169485
20-Apr-22,0.768403258,0.768403258,0.768403258,0.768403258,0.768403258
19-Apr-22,0.768639508,0.768639508,0.768639508,0.768639508,0.768639508
18-Apr-22,0.76581406,0.76581406,0.76581406,0.76581406,0.76581406
15-Apr-22,0.765110941,0.765110941,0.765110941,0.765110941,0.765110941
14-Apr-22,0.762195122,0.762195122,0.762195122,0.762195122,0.762195122
13-Apr-22,0.769053295,0.769053295,0.769053295,0.769053295,0.769053295
12-Apr-22,0.767813268,0.767813268,0.767813268,0.767813268,0.767813268
11-Apr-22,0.767341928,0.767341928,0.767341928,0.767341928,0.767341928
8-Apr-22,0.765169485,0.765169485,0.765169485,0.765169485,0.765169485
7-Apr-22,0.76499388,0.76499388,0.76499388,0.76499388,0.76499388
6-Apr-22,0.764701384,0.764701384,0.764701384,0.764701384,0.764701384
5-Apr-22,0.762485703,0.762485703,0.762485703,0.762485703,0.762485703
4-Apr-22,0.763125763,0.763125763,0.763125763,0.763125763,0.763125763
1-Apr-22,0.760629801,0.760629801,0.760629801,0.760629801,0.760629801
31-Mar-22,0.761092929,0.761092929,0.761092929,0.761092929,0.761092929
30-Mar-22,0.763708569,0.763708569,0.763708569,0.763708569,0.763708569
29-Mar-22,0.763125763,0.763125763,0.763125763,0.763125763,0.763125763
28-Mar-22,0.758955677,0.758955677,0.758955677,0.758955677,0.758955677
25-Mar-22,0.757805396,0.757805396,0.757805396,0.757805396,0.757805396
24-Mar-22,0.757231561,0.757231561,0.757231561,0.757231561,0.757231561
23-Mar-22,0.753806724,0.753806724,0.753806724,0.753806724,0.753806724
22-Mar-22,0.759416768,0.759416768,0.759416768,0.759416768,0.759416768
21-Mar-22,0.759820682,0.759820682,0.759820682,0.759820682,0.759820682
18-Mar-22,0.759878419,0.759878419,0.759878419,0.759878419,0.759878419
17-Mar-22,0.760977095,0.760977095,0.760977095,0.760977095,0.760977095
16-Mar-22,0.766518473,0.766518473,0.766518473,0.766518473,0.766518473
15-Mar-22,0.768521365,0.768521365,0.768521365,0.768521365,0.768521365
14-Mar-22,0.766283525,0.766283525,0.766283525,0.766283525,0.766283525
11-Mar-22,0.763184004,0.763184004,0.763184004,0.763184004,0.763184004
10-Mar-22,0.7583801,0.7583801,0.7583801,0.7583801,0.7583801
9-Mar-22,0.763417055,0.763417055,0.763417055,0.763417055,0.763417055
8-Mar-22,0.762660159,0.762660159,0.762660159,0.762660159,0.762660159
7-Mar-22,0.756887678,0.756887678,0.756887678,0.756887678,0.756887678
4-Mar-22,0.749007565,0.749007565,0.749007565,0.749007565,0.749007565
3-Mar-22,0.746435769,0.746435769,0.746435769,0.746435769,0.746435769
2-Mar-22,0.749906262,0.749906262,0.749906262,0.749906262,0.749906262
1-Mar-22,0.744989943,0.744989943,0.744989943,0.744989943,0.744989943
28-Feb-22,0.747775368,0.747775368,0.747775368,0.747775368,0.747775368
25-Feb-22,0.747775368,0.747775368,0.747775368,0.747775368,0.747775368
24-Feb-22,0.738225306,0.738225306,0.738225306,0.738225306,0.738225306
23-Feb-22,0.735889322,0.735889322,0.735889322,0.735889322,0.735889322
22-Feb-22,0.735510444,0.735510444,0.735510444,0.735510444,0.735510444
21-Feb-22,0.735672773,0.735672773,0.735672773,0.735672773,0.735672773
18-Feb-22,0.734268302,0.734268302,0.734268302,0.734268302,0.734268302
17-Feb-22,0.736105999,0.736105999,0.736105999,0.736105999,0.736105999
16-Feb-22,0.738497895,0.738497895,0.738497895,0.738497895,0.738497895
15-Feb-22,0.738934457,0.738934457,0.738934457,0.738934457,0.738934457
14-Feb-22,0.736919676,0.736919676,0.736919676,0.736919676,0.736919676
11-Feb-22,0.737898465,0.737898465,0.737898465,0.737898465,0.737898465
10-Feb-22,0.738934457,0.738934457,0.738934457,0.738934457,0.738934457
9-Feb-22,0.738116327,0.738116327,0.738116327,0.738116327,0.738116327
8-Feb-22,0.738661545,0.738661545,0.738661545,0.738661545,0.738661545
7-Feb-22,0.738934457,0.738934457,0.738934457,0.738934457,0.738934457
4-Feb-22,0.735402265,0.735402265,0.735402265,0.735402265,0.735402265
3-Feb-22,0.737191301,0.737191301,0.737191301,0.737191301,0.737191301
2-Feb-22,0.739371534,0.739371534,0.739371534,0.739371534,0.739371534
1-Feb-22,0.743770919,0.743770919,0.743770919,0.743770919,0.743770919
31-Jan-22,0.746101619,0.746101619,0.746101619,0.746101619,0.746101619
28-Jan-22,0.746937556,0.746937556,0.746937556,0.746937556,0.746937556
27-Jan-22,0.742500743,0.742500743,0.742500743,0.742500743,0.742500743
26-Jan-22,0.740137666,0.740137666,0.740137666,0.740137666,0.740137666
25-Jan-22,0.741344799,0.741344799,0.741344799,0.741344799,0.741344799
24-Jan-22,0.737680732,0.737680732,0.737680732,0.737680732,0.737680732
21-Jan-22,0.735402265,0.735402265,0.735402265,0.735402265,0.735402265
20-Jan-22,0.734807848,0.734807848,0.734807848,0.734807848,0.734807848
19-Jan-22,0.735294118,0.735294118,0.735294118,0.735294118,0.735294118
18-Jan-22,0.732708089,0.732708089,0.732708089,0.732708089,0.732708089
17-Jan-22,0.731314904,0.731314904,0.731314904,0.731314904,0.731314904
14-Jan-22,0.729181858,0.729181858,0.729181858,0.729181858,0.729181858
13-Jan-22,0.729394602,0.729394602,0.729394602,0.729394602,0.729394602
12-Jan-22,0.733514267,0.733514267,0.733514267,0.733514267,0.733514267
11-Jan-22,0.736377025,0.736377025,0.736377025,0.736377025,0.736377025
10-Jan-22,0.735726898,0.735726898,0.735726898,0.735726898,0.735726898
7-Jan-22,0.738879858,0.738879858,0.738879858,0.738879858,0.738879858
6-Jan-22,0.737680732,0.737680732,0.737680732,0.737680732,0.737680732
5-Jan-22,0.739043677,0.739043677,0.739043677,0.739043677,0.739043677
4-Jan-22,0.741674701,0.741674701,0.741674701,0.741674701,0.741674701
3-Jan-22,0.739535572,0.739535572,0.739535572,0.739535572,0.739535572
31-Dec-21,0.740850496,0.740850496,0.740850496,0.740850496,0.740850496
30-Dec-21,0.740795614,0.740795614,0.740795614,0.740795614,0.740795614
29-Dec-21,0.744435346,0.744435346,0.744435346,0.744435346,0.744435346
28-Dec-21,0.743881574,0.743881574,0.743881574,0.743881574,0.743881574
27-Dec-21,0.746045956,0.746045956,0.746045956,0.746045956,0.746045956
24-Dec-21,0.745879018,0.745879018,0.745879018,0.745879018,0.745879018
23-Dec-21,0.748951468,0.748951468,0.748951468,0.748951468,0.748951468
22-Dec-21,0.753579503,0.753579503,0.753579503,0.753579503,0.753579503
21-Dec-21,0.757002271,0.757002271,0.757002271,0.757002271,0.757002271
20-Dec-21,0.755915035,0.755915035,0.755915035,0.755915035,0.755915035
17-Dec-21,0.750525368,0.750525368,0.750525368,0.750525368,0.750525368
16-Dec-21,0.75397723,0.75397723,0.75397723,0.75397723,0.75397723
15-Dec-21,0.755800771,0.755800771,0.755800771,0.755800771,0.755800771
14-Dec-21,0.756773119,0.756773119,0.756773119,0.756773119,0.756773119
13-Dec-21,0.754318473,0.754318473,0.754318473,0.754318473,0.754318473
10-Dec-21,0.756200847,0.756200847,0.756200847,0.756200847,0.756200847
9-Dec-21,0.757002271,0.757002271,0.757002271,0.757002271,0.757002271
8-Dec-21,0.754944889,0.754944889,0.754944889,0.754944889,0.754944889
7-Dec-21,0.753920386,0.753920386,0.753920386,0.753920386,0.753920386
6-Dec-21,0.755458185,0.755458185,0.755458185,0.755458185,0.755458185
3-Dec-21,0.751879699,0.751879699,0.751879699,0.751879699,0.751879699
2-Dec-21,0.753012048,0.753012048,0.753012048,0.753012048,0.753012048
1-Dec-21,0.752105897,0.752105897,0.752105897,0.752105897,0.752105897
30-Nov-21,0.75103267,0.75103267,0.75103267,0.75103267,0.75103267
29-Nov-21,0.749568998,0.749568998,0.749568998,0.749568998,0.749568998
26-Nov-21,0.751089079,0.751089079,0.751089079,0.751089079,0.751089079
25-Nov-21,0.750131273,0.750131273,0.750131273,0.750131273,0.750131273
24-Nov-21,0.747607656,0.747607656,0.747607656,0.747607656,0.747607656
23-Nov-21,0.746380057,0.746380057,0.746380057,0.746380057,0.746380057
22-Nov-21,0.744324525,0.744324525,0.744324525,0.744324525,0.744324525
19-Nov-21,0.740740741,0.740740741,0.740740741,0.740740741,0.740740741
18-Nov-21,0.741179958,0.741179958,0.741179958,0.741179958,0.741179958
17-Nov-21,0.744878957,0.744878957,0.744878957,0.744878957,0.744878957
16-Nov-21,0.745823389,0.745823389,0.745823389,0.745823389,0.745823389
15-Nov-21,0.745323098,0.745323098,0.745323098,0.745323098,0.745323098
12-Nov-21,0.748166991,0.748166991,0.748166991,0.748166991,0.748166991
11-Nov-21,0.745545366,0.745545366,0.745545366,0.745545366,0.745545366
10-Nov-21,0.737463127,0.737463127,0.737463127,0.737463127,0.737463127
9-Nov-21,0.737191301,0.737191301,0.737191301,0.737191301,0.737191301
8-Nov-21,0.741234897,0.741234897,0.741234897,0.741234897,0.741234897
5-Nov-21,0.740247243,0.740247243,0.740247243,0.740247243,0.740247243
4-Nov-21,0.730193501,0.730193501,0.730193501,0.730193501,0.730193501
3-Nov-21,0.734376147,0.734376147,0.734376147,0.734376147,0.734376147
2-Nov-21,0.732332479,0.732332479,0.732332479,0.732332479,0.732332479
1-Nov-21,0.730833881,0.730833881,0.730833881,0.730833881,0.730833881
29-Oct-21,0.724585175,0.724585175,0.724585175,0.724585175,0.724585175
28-Oct-21,0.728173014,0.728173014,0.728173014,0.728173014,0.728173014
27-Oct-21,0.72642743,0.72642743,0.72642743,0.72642743,0.72642743
26-Oct-21,0.726532985,0.726532985,0.726532985,0.726532985,0.726532985
25-Oct-21,0.726585773,0.726585773,0.726585773,0.726585773,0.726585773
22-Oct-21,0.725110579,0.725110579,0.725110579,0.725110579,0.725110579
21-Oct-21,0.723431961,0.723431961,0.723431961,0.723431961,0.723431961
20-Oct-21,0.725005438,0.725005438,0.725005438,0.725005438,0.725005438
19-Oct-21,0.728013978,0.728013978,0.728013978,0.728013978,0.728013978
18-Oct-21,0.72663857,0.72663857,0.72663857,0.72663857,0.72663857
15-Oct-21,0.731582413,0.731582413,0.731582413,0.731582413,0.731582413
14-Oct-21,0.731582413,0.731582413,0.731582413,0.731582413,0.731582413
13-Oct-21,0.736431254,0.736431254,0.736431254,0.736431254,0.736431254
12-Oct-21,0.735781032,0.735781032,0.735781032,0.735781032,0.735781032
11-Oct-21,0.734376147,0.734376147,0.734376147,0.734376147,0.734376147
8-Oct-21,0.734214391,0.734214391,0.734214391,0.734214391,0.734214391
7-Oct-21,0.735726898,0.735726898,0.735726898,0.735726898,0.735726898
6-Oct-21,0.733783387,0.733783387,0.733783387,0.733783387,0.733783387
5-Oct-21,0.734915852,0.734915852,0.734915852,0.734915852,0.734915852
4-Oct-21,0.736865375,0.736865375,0.736865375,0.736865375,0.736865375
1-Oct-21,0.742390497,0.742390497,0.742390497,0.742390497,0.742390497
30-Sep-21,0.744823477,0.744823477,0.744823477,0.744823477,0.744823477
29-Sep-21,0.738443361,0.738443361,0.738443361,0.738443361,0.738443361
28-Sep-21,0.729820464,0.729820464,0.729820464,0.729820464,0.729820464
27-Sep-21,0.731582413,0.731582413,0.731582413,0.731582413,0.731582413
24-Sep-21,0.728703636,0.728703636,0.728703636,0.728703636,0.728703636
23-Sep-21,0.734376147,0.734376147,0.734376147,0.734376147,0.734376147
22-Sep-21,0.732225232,0.732225232,0.732225232,0.732225232,0.732225232
21-Sep-21,0.731903681,0.731903681,0.731903681,0.731903681,0.731903681
20-Sep-21,0.728332119,0.728332119,0.728332119,0.728332119,0.728332119
17-Sep-21,0.724795245,0.724795245,0.724795245,0.724795245,0.724795245
16-Sep-21,0.722073796,0.722073796,0.722073796,0.722073796,0.722073796
15-Sep-21,0.724112962,0.724112962,0.724112962,0.724112962,0.724112962
14-Sep-21,0.722647781,0.722647781,0.722647781,0.722647781,0.722647781
13-Sep-21,0.722491149,0.722491149,0.722491149,0.722491149,0.722491149
10-Sep-21,0.722543353,0.722543353,0.722543353,0.722543353,0.722543353
9-Sep-21,0.726321906,0.726321906,0.726321906,0.726321906,0.726321906
8-Sep-21,0.725689405,0.725689405,0.725689405,0.725689405,0.725689405
7-Sep-21,0.722595563,0.722595563,0.722595563,0.722595563,0.722595563
6-Sep-21,0.721552782,0.721552782,0.721552782,0.721552782,0.721552782
3-Sep-21,0.722700007,0.722700007,0.722700007,0.722700007,0.722700007
2-Sep-21,0.72611095,0.72611095,0.72611095,0.72611095,0.72611095
1-Sep-21,0.727114084,0.727114084,0.727114084,0.727114084,0.727114084
31-Aug-21,0.726744186,0.726744186,0.726744186,0.726744186,0.726744186
30-Aug-21,0.726585773,0.726585773,0.726585773,0.726585773,0.726585773
27-Aug-21,0.729820464,0.729820464,0.729820464,0.729820464,0.729820464
26-Aug-21,0.726374664,0.726374664,0.726374664,0.726374664,0.726374664
25-Aug-21,0.728544368,0.728544368,0.728544368,0.728544368,0.728544368
24-Aug-21,0.72859745,0.72859745,0.72859745,0.72859745,0.72859745
23-Aug-21,0.733944954,0.733944954,0.733944954,0.733944954,0.733944954
20-Aug-21,0.733621891,0.733621891,0.733621891,0.733621891,0.733621891
19-Aug-21,0.727590221,0.727590221,0.727590221,0.727590221,0.727590221
18-Aug-21,0.727802038,0.727802038,0.727802038,0.727802038,0.727802038
17-Aug-21,0.722386766,0.722386766,0.722386766,0.722386766,0.722386766
16-Aug-21,0.721292556,0.721292556,0.721292556,0.721292556,0.721292556
13-Aug-21,0.724008109,0.724008109,0.724008109,0.724008109,0.724008109
12-Aug-21,0.721136511,0.721136511,0.721136511,0.721136511,0.721136511
11-Aug-21,0.722752241,0.722752241,0.722752241,0.722752241,0.722752241
10-Aug-21,0.722073796,0.722073796,0.722073796,0.722073796,0.722073796
9-Aug-21,0.721084511,0.721084511,0.721084511,0.721084511,0.721084511
6-Aug-21,0.717978173,0.717978173,0.717978173,0.717978173,0.717978173
5-Aug-21,0.719942405,0.719942405,0.719942405,0.719942405,0.719942405
4-Aug-21,0.718494036,0.718494036,0.718494036,0.718494036,0.718494036
3-Aug-21,0.719786943,0.719786943,0.719786943,0.719786943,0.719786943
2-Aug-21,0.719631549,0.719631549,0.719631549,0.719631549,0.719631549
30-Jul-21,0.716127184,0.716127184,0.716127184,0.716127184,0.716127184
29-Jul-21,0.719062343,0.719062343,0.719062343,0.719062343,0.719062343
28-Jul-21,0.720305409,0.720305409,0.720305409,0.720305409,0.720305409
27-Jul-21,0.723118085,0.723118085,0.723118085,0.723118085,0.723118085
26-Jul-21,0.726849833,0.726849833,0.726849833,0.726849833,0.726849833
23-Jul-21,0.726005518,0.726005518,0.726005518,0.726005518,0.726005518
22-Jul-21,0.729181858,0.729181858,0.729181858,0.729181858,0.729181858
21-Jul-21,0.733514267,0.733514267,0.733514267,0.733514267,0.733514267
20-Jul-21,0.731528895,0.731528895,0.731528895,0.731528895,0.731528895
19-Jul-21,0.726532985,0.726532985,0.726532985,0.726532985,0.726532985
16-Jul-21,0.723065799,0.723065799,0.723065799,0.723065799,0.723065799
15-Jul-21,0.721604849,0.721604849,0.721604849,0.721604849,0.721604849
14-Jul-21,0.724322758,0.724322758,0.724322758,0.724322758,0.724322758
13-Jul-21,0.720097933,0.720097933,0.720097933,0.720097933,0.720097933
12-Jul-21,0.71942446,0.71942446,0.71942446,0.71942446,0.71942446
9-Jul-21,0.725110579,0.725110579,0.725110579,0.725110579,0.725110579
8-Jul-21,0.724585175,0.724585175,0.724585175,0.724585175,0.724585175
7-Jul-21,0.724322758,0.724322758,0.724322758,0.724322758,0.724322758
6-Jul-21,0.721709007,0.721709007,0.721709007,0.721709007,0.721709007
5-Jul-21,0.72301352,0.72301352,0.72301352,0.72301352,0.72301352
2-Jul-21,0.726744186,0.726744186,0.726744186,0.726744186,0.726744186
1-Jul-21,0.723118085,0.723118085,0.723118085,0.723118085,0.723118085
30-Jun-21,0.722386766,0.722386766,0.722386766,0.722386766,0.722386766
29-Jun-21,0.720513005,0.720513005,0.720513005,0.720513005,0.720513005
28-Jun-21,0.719683339,0.719683339,0.719683339,0.719683339,0.719683339
25-Jun-21,0.718545664,0.718545664,0.718545664,0.718545664,0.718545664
24-Jun-21,0.715973366,0.715973366,0.715973366,0.715973366,0.715973366
23-Jun-21,0.716845878,0.716845878,0.716845878,0.716845878,0.716845878
22-Jun-21,0.718132855,0.718132855,0.718132855,0.718132855,0.718132855
21-Jun-21,0.72374611,0.72374611,0.72374611,0.72374611,0.72374611
18-Jun-21,0.717411579,0.717411579,0.717411579,0.717411579,0.717411579
17-Jun-21,0.714745193,0.714745193,0.714745193,0.714745193,0.714745193
16-Jun-21,0.710126402,0.710126402,0.710126402,0.710126402,0.710126402
15-Jun-21,0.708717222,0.708717222,0.708717222,0.708717222,0.708717222
14-Jun-21,0.708265458,0.708265458,0.708265458,0.708265458,0.708265458
11-Jun-21,0.705716302,0.705716302,0.705716302,0.705716302,0.705716302
10-Jun-21,0.70861678,0.70861678,0.70861678,0.70861678,0.70861678
9-Jun-21,0.706713781,0.706713781,0.706713781,0.706713781,0.706713781
8-Jun-21,0.705367849,0.705367849,0.705367849,0.705367849,0.705367849
7-Jun-21,0.70601525,0.70601525,0.70601525,0.70601525,0.70601525
4-Jun-21,0.708717222,0.708717222,0.708717222,0.708717222,0.708717222
3-Jun-21,0.705616709,0.705616709,0.705616709,0.705616709,0.705616709
2-Jun-21,0.706364343,0.706364343,0.706364343,0.706364343,0.706364343
1-Jun-21,0.702888873,0.702888873,0.702888873,0.702888873,0.702888873
31-May-21,0.705218618,0.705218618,0.705218618,0.705218618,0.705218618
28-May-21,0.704027035,0.704027035,0.704027035,0.704027035,0.704027035
27-May-21,0.708415982,0.708415982,0.708415982,0.708415982,0.708415982
26-May-21,0.707013575,0.707013575,0.707013575,0.707013575,0.707013575
25-May-21,0.706414241,0.706414241,0.706414241,0.706414241,0.706414241
24-May-21,0.707063565,0.707063565,0.707063565,0.707063565,0.707063565
21-May-21,0.704920344,0.704920344,0.704920344,0.704920344,0.704920344
20-May-21,0.708918191,0.708918191,0.708918191,0.708918191,0.708918191
19-May-21,0.704820975,0.704820975,0.704820975,0.704820975,0.704820975
18-May-21,0.706763729,0.706763729,0.706763729,0.706763729,0.706763729
17-May-21,0.709119274,0.709119274,0.709119274,0.709119274,0.709119274
14-May-21,0.711693118,0.711693118,0.711693118,0.711693118,0.711693118
13-May-21,0.711035267,0.711035267,0.711035267,0.711035267,0.711035267
12-May-21,0.707313623,0.707313623,0.707313623,0.707313623,0.707313623
11-May-21,0.707664001,0.707664001,0.707664001,0.707664001,0.707664001
10-May-21,0.712199986,0.712199986,0.712199986,0.712199986,0.712199986
7-May-21,0.719476221,0.719476221,0.719476221,0.719476221,0.719476221
6-May-21,0.718907261,0.718907261,0.718907261,0.718907261,0.718907261
5-May-21,0.720046083,0.720046083,0.720046083,0.720046083,0.720046083
4-May-21,0.719217491,0.719217491,0.719217491,0.719217491,0.719217491
3-May-21,0.723589001,0.723589001,0.723589001,0.723589001,0.723589001
30-Apr-21,0.716691751,0.716691751,0.716691751,0.716691751,0.716691751
29-Apr-21,0.716486351,0.716486351,0.716486351,0.716486351,0.716486351
28-Apr-21,0.719217491,0.719217491,0.719217491,0.719217491,0.719217491
27-Apr-21,0.719631549,0.719631549,0.719631549,0.719631549,0.719631549
26-Apr-21,0.721188519,0.721188519,0.721188519,0.721188519,0.721188519
23-Apr-21,0.722543353,0.722543353,0.722543353,0.722543353,0.722543353
22-Apr-21,0.717772036,0.717772036,0.717772036,0.717772036,0.717772036
21-Apr-21,0.717411579,0.717411579,0.717411579,0.717411579,0.717411579
20-Apr-21,0.714591968,0.714591968,0.714591968,0.714591968,0.714591968
19-Apr-21,0.723693733,0.723693733,0.723693733,0.723693733,0.723693733
16-Apr-21,0.725426188,0.725426188,0.725426188,0.725426188,0.725426188
15-Apr-21,0.725742071,0.725742071,0.725742071,0.725742071,0.725742071
14-Apr-21,0.726744186,0.726744186,0.726744186,0.726744186,0.726744186
13-Apr-21,0.727061219,0.727061219,0.727061219,0.727061219,0.727061219
12-Apr-21,0.729288215,0.729288215,0.729288215,0.729288215,0.729288215
9-Apr-21,0.728119994,0.728119994,0.728119994,0.728119994,0.728119994
8-Apr-21,0.727590221,0.727590221,0.727590221,0.727590221,0.727590221
7-Apr-21,0.72301352,0.72301352,0.72301352,0.72301352,0.72301352
6-Apr-21,0.718700589,0.718700589,0.718700589,0.718700589,0.718700589
5-Apr-21,0.72301352,0.72301352,0.72301352,0.72301352,0.72301352
2-Apr-21,0.722804481,0.722804481,0.722804481,0.722804481,0.722804481
1-Apr-21,0.725373567,0.725373567,0.725373567,0.725373567,0.725373567
31-Mar-21,0.72743144,0.72743144,0.72743144,0.72743144,0.72743144
30-Mar-21,0.725952813,0.725952813,0.725952813,0.725952813,0.725952813
29-Mar-21,0.725110579,0.725110579,0.725110579,0.725110579,0.725110579
26-Mar-21,0.727325624,0.727325624,0.727325624,0.727325624,0.727325624
25-Mar-21,0.730513551,0.730513551,0.730513551,0.730513551,0.730513551
24-Mar-21,0.728332119,0.728332119,0.728332119,0.728332119,0.728332119
23-Mar-21,0.721344586,0.721344586,0.721344586,0.721344586,0.721344586
22-Mar-21,0.722908986,0.722908986,0.722908986,0.722908986,0.722908986
19-Mar-21,0.718132855,0.718132855,0.718132855,0.718132855,0.718132855
18-Mar-21,0.715512307,0.715512307,0.715512307,0.715512307,0.715512307
17-Mar-21,0.719320961,0.719320961,0.719320961,0.719320961,0.719320961
16-Mar-21,0.719476221,0.719476221,0.719476221,0.719476221,0.719476221
15-Mar-21,0.71787509,0.71787509,0.71787509,0.71787509,0.71787509
12-Mar-21,0.714796283,0.714796283,0.714796283,0.714796283,0.714796283
11-Mar-21,0.717823559,0.717823559,0.717823559,0.717823559,0.717823559
10-Mar-21,0.719942405,0.719942405,0.719942405,0.719942405,0.719942405
9-Mar-21,0.72337963,0.72337963,0.72337963,0.72337963,0.72337963
8-Mar-21,0.721813195,0.721813195,0.721813195,0.721813195,0.721813195
5-Mar-21,0.719735137,0.719735137,0.719735137,0.719735137,0.719735137
4-Mar-21,0.718029726,0.718029726,0.718029726,0.718029726,0.718029726
3-Mar-21,0.716589036,0.716589036,0.716589036,0.716589036,0.716589036
2-Mar-21,0.71787509,0.71787509,0.71787509,0.71787509,0.71787509
1-Mar-21,0.715665927,0.715665927,0.715665927,0.715665927,0.715665927
26-Feb-21,0.713877784,0.713877784,0.713877784,0.713877784,0.713877784
25-Feb-21,0.706813684,0.706813684,0.706813684,0.706813684,0.706813684
24-Feb-21,0.708215297,0.708215297,0.708215297,0.708215297,0.708215297
23-Feb-21,0.710681544,0.710681544,0.710681544,0.710681544,0.710681544
22-Feb-21,0.712707576,0.712707576,0.712707576,0.712707576,0.712707576
19-Feb-21,0.715973366,0.715973366,0.715973366,0.715973366,0.715973366
18-Feb-21,0.721188519,0.721188519,0.721188519,0.721188519,0.721188519
17-Feb-21,0.720046083,0.720046083,0.720046083,0.720046083,0.720046083
16-Feb-21,0.71864894,0.71864894,0.71864894,0.71864894,0.71864894
15-Feb-21,0.720876586,0.720876586,0.720876586,0.720876586,0.720876586
12-Feb-21,0.724112962,0.724112962,0.724112962,0.724112962,0.724112962
11-Feb-21,0.722908986,0.722908986,0.722908986,0.722908986,0.722908986
10-Feb-21,0.723693733,0.723693733,0.723693733,0.723693733,0.723693733
9-Feb-21,0.727484359,0.727484359,0.727484359,0.727484359,0.727484359
8-Feb-21,0.727855011,0.727855011,0.727855011,0.727855011,0.727855011
5-Feb-21,0.731207956,0.731207956,0.731207956,0.731207956,0.731207956
4-Feb-21,0.732654407,0.732654407,0.732654407,0.732654407,0.732654407
3-Feb-21,0.732118017,0.732118017,0.732118017,0.732118017,0.732118017
2-Feb-21,0.731047591,0.731047591,0.731047591,0.731047591,0.731047591
1-Feb-21,0.730033582,0.730033582,0.730033582,0.730033582,0.730033582
29-Jan-21,0.72859745,0.72859745,0.72859745,0.72859745,0.72859745
28-Jan-21,0.731582413,0.731582413,0.731582413,0.731582413,0.731582413
27-Jan-21,0.727696114,0.727696114,0.727696114,0.727696114,0.727696114
26-Jan-21,0.731047591,0.731047591,0.731047591,0.731047591,0.731047591
25-Jan-21,0.73056692,0.73056692,0.73056692,0.73056692,0.73056692
22-Jan-21,0.72838517,0.72838517,0.72838517,0.72838517,0.72838517
21-Jan-21,0.731635938,0.731635938,0.731635938,0.731635938,0.731635938
20-Jan-21,0.732922897,0.732922897,0.732922897,0.732922897,0.732922897
19-Jan-21,0.736322804,0.736322804,0.736322804,0.736322804,0.736322804
18-Jan-21,0.73664825,0.73664825,0.73664825,0.73664825,0.73664825
15-Jan-21,0.730780474,0.730780474,0.730780474,0.730780474,0.730780474
14-Jan-21,0.732654407,0.732654407,0.732654407,0.732654407,0.732654407
13-Jan-21,0.731475386,0.731475386,0.731475386,0.731475386,0.731475386
12-Jan-21,0.739426205,0.739426205,0.739426205,0.739426205,0.739426205
11-Jan-21,0.739863865,0.739863865,0.739863865,0.739863865,0.739863865
8-Jan-21,0.736919676,0.736919676,0.736919676,0.736919676,0.736919676
7-Jan-21,0.733944954,0.733944954,0.733944954,0.733944954,0.733944954
6-Jan-21,0.733675715,0.733675715,0.733675715,0.733675715,0.733675715
5-Jan-21,0.736811082,0.736811082,0.736811082,0.736811082,0.736811082
4-Jan-21,0.730780474,0.730780474,0.730780474,0.730780474,0.730780474
1-Jan-21,0.73136839,0.73136839,0.73136839,0.73136839,0.73136839
31-Dec-20,0.733621891,0.733621891,0.733621891,0.733621891,0.733621891
30-Dec-20,0.740740741,0.740740741,0.740740741,0.740740741,0.740740741
29-Dec-20,0.74261102,0.74261102,0.74261102,0.74261102,0.74261102
28-Dec-20,0.736811082,0.736811082,0.736811082,0.736811082,0.736811082
25-Dec-20,0.737898465,0.737898465,0.737898465,0.737898465,0.737898465
24-Dec-20,0.740466494,0.740466494,0.740466494,0.740466494,0.740466494
23-Dec-20,0.746324353,0.746324353,0.746324353,0.746324353,0.746324353
22-Dec-20,0.743494424,0.743494424,0.743494424,0.743494424,0.743494424
21-Dec-20,0.74615729,0.74615729,0.74615729,0.74615729,0.74615729
18-Dec-20,0.736919676,0.736919676,0.736919676,0.736919676,0.736919676
17-Dec-20,0.740576168,0.740576168,0.740576168,0.740576168,0.740576168
16-Dec-20,0.743826242,0.743826242,0.743826242,0.743826242,0.743826242
15-Dec-20,0.750131273,0.750131273,0.750131273,0.750131273,0.750131273
14-Dec-20,0.750863493,0.750863493,0.750863493,0.750863493,0.750863493
11-Dec-20,0.751540658,0.751540658,0.751540658,0.751540658,0.751540658
10-Dec-20,0.74811102,0.74811102,0.74811102,0.74811102,0.74811102
9-Dec-20,0.748166991,0.748166991,0.748166991,0.748166991,0.748166991
8-Dec-20,0.748671109,0.748671109,0.748671109,0.748671109,0.748671109
7-Dec-20,0.745323098,0.745323098,0.745323098,0.745323098,0.745323098
4-Dec-20,0.743218135,0.743218135,0.743218135,0.743218135,0.743218135
3-Dec-20,0.747887219,0.747887219,0.747887219,0.747887219,0.747887219
2-Dec-20,0.744989943,0.744989943,0.744989943,0.744989943,0.744989943
1-Dec-20,0.749793807,0.749793807,0.749793807,0.749793807,0.749793807
30-Nov-20,0.750075008,0.750075008,0.750075008,0.750075008,0.750075008
27-Nov-20,0.748783227,0.748783227,0.748783227,0.748783227,0.748783227
26-Nov-20,0.747104968,0.747104968,0.747104968,0.747104968,0.747104968
25-Nov-20,0.748334955,0.748334955,0.748334955,0.748334955,0.748334955
24-Nov-20,0.750243829,0.750243829,0.750243829,0.750243829,0.750243829
23-Nov-20,0.751597144,0.751597144,0.751597144,0.751597144,0.751597144
20-Nov-20,0.754773945,0.754773945,0.754773945,0.754773945,0.754773945
19-Nov-20,0.754375377,0.754375377,0.754375377,0.754375377,0.754375377
18-Nov-20,0.754204691,0.754204691,0.754204691,0.754204691,0.754204691
17-Nov-20,0.756315232,0.756315232,0.756315232,0.756315232,0.756315232
16-Nov-20,0.756372438,0.756372438,0.756372438,0.756372438,0.756372438
13-Nov-20,0.762078951,0.762078951,0.762078951,0.762078951,0.762078951
12-Nov-20,0.756200847,0.756200847,0.756200847,0.756200847,0.756200847
11-Nov-20,0.754034082,0.754034082,0.754034082,0.754034082,0.754034082
10-Nov-20,0.759301443,0.759301443,0.759301443,0.759301443,0.759301443
9-Nov-20,0.758667779,0.758667779,0.758667779,0.758667779,0.758667779
6-Nov-20,0.761092929,0.761092929,0.761092929,0.761092929,0.761092929
5-Nov-20,0.771188401,0.771188401,0.771188401,0.771188401,0.771188401
4-Nov-20,0.762078951,0.762078951,0.762078951,0.762078951,0.762078951
3-Nov-20,0.773754256,0.773754256,0.773754256,0.773754256,0.773754256
2-Nov-20,0.773574689,0.773574689,0.773574689,0.773574689,0.773574689
30-Oct-20,0.773275595,0.773275595,0.773275595,0.773275595,0.773275595
29-Oct-20,0.769822941,0.769822941,0.769822941,0.769822941,0.769822941
28-Oct-20,0.767341928,0.767341928,0.767341928,0.767341928,0.767341928
27-Oct-20,0.768285187,0.768285187,0.768285187,0.768285187,0.768285187
26-Oct-20,0.765990042,0.765990042,0.765990042,0.765990042,0.765990042
23-Oct-20,0.764642912,0.764642912,0.764642912,0.764642912,0.764642912
22-Oct-20,0.761498629,0.761498629,0.761498629,0.761498629,0.761498629
21-Oct-20,0.771962328,0.771962328,0.771962328,0.771962328,0.771962328
20-Oct-20,0.772260406,0.772260406,0.772260406,0.772260406,0.772260406
19-Oct-20,0.773514851,0.773514851,0.773514851,0.773514851,0.773514851
16-Oct-20,0.775073632,0.775073632,0.775073632,0.775073632,0.775073632
15-Oct-20,0.768521365,0.768521365,0.768521365,0.768521365,0.768521365
14-Oct-20,0.77309625,0.77309625,0.77309625,0.77309625,0.77309625
13-Oct-20,0.765345171,0.765345171,0.765345171,0.765345171,0.765345171
12-Oct-20,0.767341928,0.767341928,0.767341928,0.767341928,0.767341928
9-Oct-20,0.772797527,0.772797527,0.772797527,0.772797527,0.772797527
8-Oct-20,0.77411364,0.77411364,0.77411364,0.77411364,0.77411364
7-Oct-20,0.77621672,0.77621672,0.77621672,0.77621672,0.77621672
6-Oct-20,0.769645194,0.769645194,0.769645194,0.769645194,0.769645194
5-Oct-20,0.773335396,0.773335396,0.773335396,0.773335396,0.773335396
2-Oct-20,0.776036008,0.776036008,0.776036008,0.776036008,0.776036008
1-Oct-20,0.77411364,0.77411364,0.77411364,0.77411364,0.77411364
30-Sep-20,0.777181938,0.777181938,0.777181938,0.777181938,0.777181938
29-Sep-20,0.7768197,0.7768197,0.7768197,0.7768197,0.7768197
28-Sep-20,0.783269366,0.783269366,0.783269366,0.783269366,0.783269366
25-Sep-20,0.783883358,0.783883358,0.783883358,0.783883358,0.783883358
24-Sep-20,0.786348982,0.786348982,0.786348982,0.786348982,0.786348982
23-Sep-20,0.784682988,0.784682988,0.784682988,0.784682988,0.784682988
22-Sep-20,0.779970361,0.779970361,0.779970361,0.779970361,0.779970361
21-Sep-20,0.773215805,0.773215805,0.773215805,0.773215805,0.773215805
18-Sep-20,0.770653514,0.770653514,0.770653514,0.770653514,0.770653514
17-Sep-20,0.771604938,0.771604938,0.771604938,0.771604938,0.771604938
16-Sep-20,0.776096236,0.776096236,0.776096236,0.776096236,0.776096236
15-Sep-20,0.778210117,0.778210117,0.778210117,0.778210117,0.778210117
14-Sep-20,0.780822987,0.780822987,0.780822987,0.780822987,0.780822987
11-Sep-20,0.780762024,0.780762024,0.780762024,0.780762024,0.780762024
10-Sep-20,0.769289945,0.769289945,0.769289945,0.769289945,0.769289945
9-Sep-20,0.771128933,0.771128933,0.771128933,0.771128933,0.771128933
8-Sep-20,0.759762954,0.759762954,0.759762954,0.759762954,0.759762954
7-Sep-20,0.754944889,0.754944889,0.754944889,0.754944889,0.754944889
4-Sep-20,0.754034082,0.754034082,0.754034082,0.754034082,0.754034082
3-Sep-20,0.749007565,0.749007565,0.749007565,0.749007565,0.749007565
2-Sep-20,0.746324353,0.746324353,0.746324353,0.746324353,0.746324353
1-Sep-20,0.74822297,0.74822297,0.74822297,0.74822297,0.74822297
31-Aug-20,0.748727164,0.748727164,0.748727164,0.748727164,0.748727164
28-Aug-20,0.757575758,0.757575758,0.757575758,0.757575758,0.757575758
27-Aug-20,0.756429652,0.756429652,0.756429652,0.756429652,0.756429652
26-Aug-20,0.760340633,0.760340633,0.760340633,0.760340633,0.760340633
25-Aug-20,0.765052406,0.765052406,0.765052406,0.765052406,0.765052406
24-Aug-20,0.763708569,0.763708569,0.763708569,0.763708569,0.763708569
21-Aug-20,0.756429652,0.756429652,0.756429652,0.756429652,0.756429652
20-Aug-20,0.762718328,0.762718328,0.762718328,0.762718328,0.762718328
19-Aug-20,0.754489211,0.754489211,0.754489211,0.754489211,0.754489211
18-Aug-20,0.76289289,0.76289289,0.76289289,0.76289289,0.76289289
17-Aug-20,0.762951095,0.762951095,0.762951095,0.762951095,0.762951095
14-Aug-20,0.765052406,0.765052406,0.765052406,0.765052406,0.765052406
13-Aug-20,0.766400981,0.766400981,0.766400981,0.766400981,0.766400981
12-Aug-20,0.76622481,0.76622481,0.76622481,0.76622481,0.76622481
11-Aug-20,0.764701384,0.764701384,0.764701384,0.764701384,0.764701384
10-Aug-20,0.766166105,0.766166105,0.766166105,0.766166105,0.766166105
7-Aug-20,0.76115086,0.76115086,0.76115086,0.76115086,0.76115086
6-Aug-20,0.76178868,0.76178868,0.76178868,0.76178868,0.76178868
5-Aug-20,0.764175455,0.764175455,0.764175455,0.764175455,0.764175455
4-Aug-20,0.764584448,0.764584448,0.764584448,0.764584448,0.764584448
3-Aug-20,0.763242253,0.763242253,0.763242253,0.763242253,0.763242253
31-Jul-20,0.762311328,0.762311328,0.762311328,0.762311328,0.762311328
30-Jul-20,0.770297335,0.770297335,0.770297335,0.770297335,0.770297335
29-Jul-20,0.773754256,0.773754256,0.773754256,0.773754256,0.773754256
28-Jul-20,0.77579519,0.77579519,0.77579519,0.77579519,0.77579519
27-Jul-20,0.781494217,0.781494217,0.781494217,0.781494217,0.781494217
24-Jul-20,0.785484251,0.785484251,0.785484251,0.785484251,0.785484251
23-Jul-20,0.785545954,0.785545954,0.785545954,0.785545954,0.785545954
22-Jul-20,0.785484251,0.785484251,0.785484251,0.785484251,0.785484251
21-Jul-20,0.78976465,0.78976465,0.78976465,0.78976465,0.78976465
20-Jul-20,0.795481664,0.795481664,0.795481664,0.795481664,0.795481664
17-Jul-20,0.796178344,0.796178344,0.796178344,0.796178344,0.796178344
16-Jul-20,0.794218092,0.794218092,0.794218092,0.794218092,0.794218092
15-Jul-20,0.795608243,0.795608243,0.795608243,0.795608243,0.795608243
14-Jul-20,0.796685787,0.796685787,0.796685787,0.796685787,0.796685787
13-Jul-20,0.791891036,0.791891036,0.791891036,0.791891036,0.791891036
10-Jul-20,0.793335978,0.793335978,0.793335978,0.793335978,0.793335978
9-Jul-20,0.792769938,0.792769938,0.792769938,0.792769938,0.792769938
8-Jul-20,0.797257434,0.797257434,0.797257434,0.797257434,0.797257434
7-Jul-20,0.800320128,0.800320128,0.800320128,0.800320128,0.800320128
6-Jul-20,0.801538955,0.801538955,0.801538955,0.801538955,0.801538955
3-Jul-20,0.802181935,0.802181935,0.802181935,0.802181935,0.802181935
2-Jul-20,0.80224629,0.80224629,0.80224629,0.80224629,0.80224629
1-Jul-20,0.807167649,0.807167649,0.807167649,0.807167649,0.807167649
30-Jun-20,0.812281699,0.812281699,0.812281699,0.812281699,0.812281699
29-Jun-20,0.810241452,0.810241452,0.810241452,0.810241452,0.810241452
26-Jun-20,0.804828974,0.804828974,0.804828974,0.804828974,0.804828974
25-Jun-20,0.805607025,0.805607025,0.805607025,0.805607025,0.805607025
24-Jun-20,0.798403194,0.798403194,0.798403194,0.798403194,0.798403194
23-Jun-20,0.79987202,0.79987202,0.79987202,0.79987202,0.79987202
22-Jun-20,0.809847749,0.809847749,0.809847749,0.809847749,0.809847749
19-Jun-20,0.804699445,0.804699445,0.804699445,0.804699445,0.804699445
18-Jun-20,0.796622321,0.796622321,0.796622321,0.796622321,0.796622321
17-Jun-20,0.794596742,0.794596742,0.794596742,0.794596742,0.794596742
16-Jun-20,0.791264441,0.791264441,0.791264441,0.791264441,0.791264441
15-Jun-20,0.799424414,0.799424414,0.799424414,0.799424414,0.799424414
12-Jun-20,0.795102171,0.795102171,0.795102171,0.795102171,0.795102171
11-Jun-20,0.786720164,0.786720164,0.786720164,0.786720164,0.786720164
10-Jun-20,0.786720164,0.786720164,0.786720164,0.786720164,0.786720164
9-Jun-20,0.785237534,0.785237534,0.785237534,0.785237534,0.785237534
8-Jun-20,0.785792865,0.785792865,0.785792865,0.785792865,0.785792865
5-Jun-20,0.793084305,0.793084305,0.793084305,0.793084305,0.793084305
4-Jun-20,0.795228628,0.795228628,0.795228628,0.795228628,0.795228628
3-Jun-20,0.794849376,0.794849376,0.794849376,0.794849376,0.794849376
2-Jun-20,0.800832866,0.800832866,0.800832866,0.800832866,0.800832866
1-Jun-20,0.809847749,0.809847749,0.809847749,0.809847749,0.809847749
29-May-20,0.811622433,0.811622433,0.811622433,0.811622433,0.811622433
28-May-20,0.81532817,0.81532817,0.81532817,0.81532817,0.81532817
27-May-20,0.810701257,0.810701257,0.810701257,0.810701257,0.810701257
26-May-20,0.81960495,0.81960495,0.81960495,0.81960495,0.81960495
25-May-20,0.820613819,0.820613819,0.820613819,0.820613819,0.820613819
22-May-20,0.818129755,0.818129755,0.818129755,0.818129755,0.818129755
21-May-20,0.817193757,0.817193757,0.817193757,0.817193757,0.817193757
20-May-20,0.815926893,0.815926893,0.815926893,0.815926893,0.815926893
19-May-20,0.819672131,0.819672131,0.819672131,0.819672131,0.819672131
18-May-20,0.827403607,0.827403607,0.827403607,0.827403607,0.827403607
15-May-20,0.817394147,0.817394147,0.817394147,0.817394147,0.817394147
14-May-20,0.81685999,0.81685999,0.81685999,0.81685999,0.81685999
13-May-20,0.815993472,0.815993472,0.815993472,0.815993472,0.815993472
12-May-20,0.810832725,0.810832725,0.810832725,0.810832725,0.810832725
11-May-20,0.805347507,0.805347507,0.805347507,0.805347507,0.805347507
8-May-20,0.808015514,0.808015514,0.808015514,0.808015514,0.808015514
7-May-20,0.811293201,0.811293201,0.811293201,0.811293201,0.811293201
6-May-20,0.803600129,0.803600129,0.803600129,0.803600129,0.803600129
5-May-20,0.803470995,0.803470995,0.803470995,0.803470995,0.803470995
4-May-20,0.802954874,0.802954874,0.802954874,0.802954874,0.802954874
1-May-20,0.794849376,0.794849376,0.794849376,0.794849376,0.794849376
30-Apr-20,0.801860316,0.801860316,0.801860316,0.801860316,0.801860316
29-Apr-20,0.804117079,0.804117079,0.804117079,0.804117079,0.804117079
28-Apr-20,0.804958545,0.804958545,0.804958545,0.804958545,0.804958545
27-Apr-20,0.808603542,0.808603542,0.808603542,0.808603542,0.808603542
24-Apr-20,0.809585492,0.809585492,0.809585492,0.809585492,0.809585492
23-Apr-20,0.811424862,0.811424862,0.811424862,0.811424862,0.811424862
22-Apr-20,0.813074234,0.813074234,0.813074234,0.813074234,0.813074234
21-Apr-20,0.803664711,0.803664711,0.803664711,0.803664711,0.803664711
20-Apr-20,0.800768738,0.800768738,0.800768738,0.800768738,0.800768738
17-Apr-20,0.800768738,0.800768738,0.800768738,0.800768738,0.800768738
16-Apr-20,0.798658254,0.798658254,0.798658254,0.798658254,0.798658254
15-Apr-20,0.792016474,0.792016474,0.792016474,0.792016474,0.792016474
14-Apr-20,0.798466943,0.798466943,0.798466943,0.798466943,0.798466943
13-Apr-20,0.802503812,0.802503812,0.802503812,0.802503812,0.802503812
10-Apr-20,0.802890405,0.802890405,0.802890405,0.802890405,0.802890405
9-Apr-20,0.806907125,0.806907125,0.806907125,0.806907125,0.806907125
8-Apr-20,0.810438447,0.810438447,0.810438447,0.810438447,0.810438447
7-Apr-20,0.816926722,0.816926722,0.816926722,0.816926722,0.816926722
6-Apr-20,0.818330606,0.818330606,0.818330606,0.818330606,0.818330606
3-Apr-20,0.806776926,0.806776926,0.806776926,0.806776926,0.806776926
2-Apr-20,0.80762397,0.80762397,0.80762397,0.80762397,0.80762397
1-Apr-20,0.805931657,0.805931657,0.805931657,0.805931657,0.805931657
31-Mar-20,0.808276754,0.808276754,0.808276754,0.808276754,0.808276754
30-Mar-20,0.803019353,0.803019353,0.803019353,0.803019353,0.803019353
27-Mar-20,0.81960495,0.81960495,0.81960495,0.81960495,0.81960495
26-Mar-20,0.843810649,0.843810649,0.843810649,0.843810649,0.843810649
25-Mar-20,0.848032564,0.848032564,0.848032564,0.848032564,0.848032564
24-Mar-20,0.862366333,0.862366333,0.862366333,0.862366333,0.862366333
23-Mar-20,0.860363073,0.860363073,0.860363073,0.860363073,0.860363073
20-Mar-20,0.87001914,0.87001914,0.87001914,0.87001914,0.87001914
19-Mar-20,0.860215054,0.860215054,0.860215054,0.860215054,0.860215054
18-Mar-20,0.824946378,0.824946378,0.824946378,0.824946378,0.824946378
17-Mar-20,0.815195239,0.815195239,0.815195239,0.815195239,0.815195239
16-Mar-20,0.806451613,0.806451613,0.806451613,0.806451613,0.806451613
13-Mar-20,0.795544948,0.795544948,0.795544948,0.795544948,0.795544948
12-Mar-20,0.78015291,0.78015291,0.78015291,0.78015291,0.78015291
11-Mar-20,0.774593338,0.774593338,0.774593338,0.774593338,0.774593338
10-Mar-20,0.764818356,0.764818356,0.764818356,0.764818356,0.764818356
9-Mar-20,0.763417055,0.763417055,0.763417055,0.763417055,0.763417055
6-Mar-20,0.772141147,0.772141147,0.772141147,0.772141147,0.772141147
5-Mar-20,0.776699029,0.776699029,0.776699029,0.776699029,0.776699029
4-Mar-20,0.779970361,0.779970361,0.779970361,0.779970361,0.779970361
3-Mar-20,0.783269366,0.783269366,0.783269366,0.783269366,0.783269366
2-Mar-20,0.780822987,0.780822987,0.780822987,0.780822987,0.780822987
28-Feb-20,0.775855381,0.775855381,0.775855381,0.775855381,0.775855381
27-Feb-20,0.774773379,0.774773379,0.774773379,0.774773379,0.774773379
26-Feb-20,0.769053295,0.769053295,0.769053295,0.769053295,0.769053295
25-Feb-20,0.773574689,0.773574689,0.773574689,0.773574689,0.773574689
24-Feb-20,0.771962328,0.771962328,0.771962328,0.771962328,0.771962328
21-Feb-20,0.77621672,0.77621672,0.77621672,0.77621672,0.77621672
20-Feb-20,0.773514851,0.773514851,0.773514851,0.773514851,0.773514851
19-Feb-20,0.769112444,0.769112444,0.769112444,0.769112444,0.769112444
18-Feb-20,0.768698593,0.768698593,0.768698593,0.768698593,0.768698593
17-Feb-20,0.766107408,0.766107408,0.766107408,0.766107408,0.766107408
14-Feb-20,0.766459723,0.766459723,0.766459723,0.766459723,0.766459723
13-Feb-20,0.771724031,0.771724031,0.771724031,0.771724031,0.771724031
12-Feb-20,0.771783592,0.771783592,0.771783592,0.771783592,0.771783592
11-Feb-20,0.77411364,0.77411364,0.77411364,0.77411364,0.77411364
10-Feb-20,0.775674837,0.775674837,0.775674837,0.775674837,0.775674837
7-Feb-20,0.773395205,0.773395205,0.773395205,0.773395205,0.773395205
6-Feb-20,0.769408325,0.769408325,0.769408325,0.769408325,0.769408325
5-Feb-20,0.767283051,0.767283051,0.767283051,0.767283051,0.767283051
4-Feb-20,0.769408325,0.769408325,0.769408325,0.769408325,0.769408325
3-Feb-20,0.758610226,0.758610226,0.758610226,0.758610226,0.758610226
31-Jan-20,0.764000306,0.764000306,0.764000306,0.764000306,0.764000306
30-Jan-20,0.767931193,0.767931193,0.767931193,0.767931193,0.767931193
29-Jan-20,0.767754319,0.767754319,0.767754319,0.767754319,0.767754319
28-Jan-20,0.765696784,0.765696784,0.765696784,0.765696784,0.765696784
27-Jan-20,0.765579544,0.765579544,0.765579544,0.765579544,0.765579544
24-Jan-20,0.762195122,0.762195122,0.762195122,0.762195122,0.762195122
23-Jan-20,0.760745531,0.760745531,0.760745531,0.760745531,0.760745531
22-Jan-20,0.766400981,0.766400981,0.766400981,0.766400981,0.766400981
21-Jan-20,0.768875903,0.768875903,0.768875903,0.768875903,0.768875903
20-Jan-20,0.768816791,0.768816791,0.768816791,0.768816791,0.768816791
17-Jan-20,0.764584448,0.764584448,0.764584448,0.764584448,0.764584448
16-Jan-20,0.766812361,0.766812361,0.766812361,0.766812361,0.766812361
15-Jan-20,0.767872226,0.767872226,0.767872226,0.767872226,0.767872226
14-Jan-20,0.769941484,0.769941484,0.769941484,0.769941484,0.769941484
13-Jan-20,0.766518473,0.766518473,0.766518473,0.766518473,0.766518473
10-Jan-20,0.765110941,0.765110941,0.765110941,0.765110941,0.765110941
9-Jan-20,0.763067531,0.763067531,0.763067531,0.763067531,0.763067531
8-Jan-20,0.762543846,0.762543846,0.762543846,0.762543846,0.762543846
7-Jan-20,0.759301443,0.759301443,0.759301443,0.759301443,0.759301443
6-Jan-20,0.764525994,0.764525994,0.764525994,0.764525994,0.764525994
3-Jan-20,0.760282825,0.760282825,0.760282825,0.760282825,0.760282825
2-Jan-20,0.754716981,0.754716981,0.754716981,0.754716981,0.754716981
1-Jan-20,0.75397723,0.75397723,0.75397723,0.75397723,0.75397723
31-Dec-19,0.762601998,0.762601998,0.762601998,0.762601998,0.762601998
30-Dec-19,0.763825237,0.763825237,0.763825237,0.763825237,0.763825237
27-Dec-19,0.769112444,0.769112444,0.769112444,0.769112444,0.769112444
26-Dec-19,0.770772314,0.770772314,0.770772314,0.770772314,0.770772314
25-Dec-19,0.77309625,0.77309625,0.77309625,0.77309625,0.77309625
24-Dec-19,0.772499034,0.772499034,0.772499034,0.772499034,0.772499034
23-Dec-19,0.768935025,0.768935025,0.768935025,0.768935025,0.768935025
20-Dec-19,0.768226166,0.768226166,0.768226166,0.768226166,0.768226166
19-Dec-19,0.764117063,0.764117063,0.764117063,0.764117063,0.764117063
18-Dec-19,0.762078951,0.762078951,0.762078951,0.762078951,0.762078951
17-Dec-19,0.753465943,0.753465943,0.753465943,0.753465943,0.753465943
16-Dec-19,0.748895379,0.748895379,0.748895379,0.748895379,0.748895379
13-Dec-19,0.742115028,0.742115028,0.742115028,0.742115028,0.742115028
12-Dec-19,0.757575758,0.757575758,0.757575758,0.757575758,0.757575758
11-Dec-19,0.761556622,0.761556622,0.761556622,0.761556622,0.761556622
10-Dec-19,0.760687662,0.760687662,0.760687662,0.760687662,0.760687662
9-Dec-19,0.761035008,0.761035008,0.761035008,0.761035008,0.761035008
6-Dec-19,0.75999392,0.75999392,0.75999392,0.75999392,0.75999392
5-Dec-19,0.762718328,0.762718328,0.762718328,0.762718328,0.762718328
4-Dec-19,0.769349131,0.769349131,0.769349131,0.769349131,0.769349131
3-Dec-19,0.77273781,0.77273781,0.77273781,0.77273781,0.77273781
2-Dec-19,0.774413382,0.774413382,0.774413382,0.774413382,0.774413382
29-Nov-19,0.774413382,0.774413382,0.774413382,0.774413382,0.774413382
28-Nov-19,0.773395205,0.773395205,0.773395205,0.773395205,0.773395205
27-Nov-19,0.777544514,0.777544514,0.777544514,0.777544514,0.777544514
26-Nov-19,0.775374118,0.775374118,0.775374118,0.775374118,0.775374118
25-Nov-19,0.778028476,0.778028476,0.778028476,0.778028476,0.778028476
22-Nov-19,0.773993808,0.773993808,0.773993808,0.773993808,0.773993808
21-Nov-19,0.773574689,0.773574689,0.773574689,0.773574689,0.773574689
20-Nov-19,0.773395205,0.773395205,0.773395205,0.773395205,0.773395205
19-Nov-19,0.772141147,0.772141147,0.772141147,0.772141147,0.772141147
18-Nov-19,0.773933906,0.773933906,0.773933906,0.773933906,0.773933906
15-Nov-19,0.776276976,0.776276976,0.776276976,0.776276976,0.776276976
14-Nov-19,0.777967948,0.777967948,0.777967948,0.777967948,0.777967948
13-Nov-19,0.778089013,0.778089013,0.778089013,0.778089013,0.778089013
12-Nov-19,0.777725929,0.777725929,0.777725929,0.777725929,0.777725929
11-Nov-19,0.781494217,0.781494217,0.781494217,0.781494217,0.781494217